alcohol,volatile acidity,sulphates,pH,calidad,alcohol_disc,volatile acidity_disc,sulphates_disc,pH_disc
9.4,0.7,0.56,3.51,BAJA,bajo,alto,bajo,alto
9.8,0.88,0.68,3.2,BAJA,medio,alto,medio,bajo
9.8,0.76,0.65,3.26,BAJA,medio,alto,medio,medio
9.8,0.28,0.58,3.16,MEDIA,medio,bajo,medio,bajo
9.4,0.7,0.56,3.51,BAJA,bajo,alto,bajo,alto
9.4,0.66,0.56,3.51,BAJA,bajo,alto,bajo,alto
9.4,0.6,0.46,3.3,BAJA,bajo,medio,bajo,medio
10.0,0.65,0.47,3.39,ALTA,medio,alto,bajo,alto
9.5,0.58,0.57,3.36,ALTA,bajo,medio,bajo,medio
10.5,0.5,0.8,3.35,BAJA,medio,medio,alto,medio
9.2,0.58,0.54,3.28,BAJA,bajo,medio,bajo,medio
10.5,0.5,0.8,3.35,BAJA,medio,medio,alto,medio
9.9,0.615,0.52,3.58,BAJA,medio,alto,bajo,alto
9.1,0.61,1.56,3.26,BAJA,bajo,alto,alto,medio
9.2,0.62,0.88,3.16,BAJA,bajo,alto,alto,bajo
9.2,0.62,0.93,3.17,BAJA,bajo,alto,alto,bajo
10.5,0.28,0.75,3.3,ALTA,medio,bajo,alto,medio
9.3,0.56,1.28,3.11,BAJA,bajo,medio,alto,bajo
9.0,0.59,0.5,3.38,BAJA,bajo,medio,bajo,alto
9.2,0.32,1.08,3.04,MEDIA,bajo,bajo,alto,bajo
9.4,0.22,0.53,3.39,MEDIA,bajo,bajo,bajo,alto
9.7,0.39,0.65,3.52,BAJA,bajo,bajo,medio,alto
9.5,0.43,0.91,3.17,BAJA,bajo,bajo,alto,bajo
9.4,0.49,0.53,3.17,BAJA,bajo,medio,bajo,bajo
9.7,0.4,0.63,3.43,MEDIA,bajo,bajo,medio,alto
9.3,0.39,0.56,3.34,BAJA,bajo,bajo,bajo,medio
9.5,0.41,0.59,3.28,BAJA,bajo,bajo,medio,medio
9.5,0.43,0.91,3.17,BAJA,bajo,bajo,alto,bajo
9.4,0.71,0.55,3.47,BAJA,bajo,alto,bajo,alto
9.8,0.645,0.59,3.38,MEDIA,medio,alto,medio,alto
10.1,0.675,0.54,3.35,BAJA,medio,alto,bajo,medio
10.6,0.685,0.57,3.46,MEDIA,medio,alto,bajo,alto
9.8,0.655,0.66,3.17,BAJA,medio,alto,medio,bajo
9.4,0.605,0.52,3.45,MEDIA,bajo,alto,bajo,alto
9.2,0.32,0.55,3.38,BAJA,bajo,bajo,bajo,alto
9.6,0.645,0.55,3.4,MEDIA,bajo,alto,bajo,alto
10.8,0.6,0.6,3.42,MEDIA,medio,medio,medio,alto
9.7,0.38,0.73,3.23,ALTA,bajo,bajo,alto,bajo
9.8,1.13,0.48,3.5,BAJA,medio,alto,bajo,alto
10.5,0.45,0.83,3.33,BAJA,medio,medio,alto,medio
10.5,0.45,0.83,3.33,BAJA,medio,medio,alto,medio
9.3,0.61,0.51,3.26,BAJA,bajo,alto,bajo,medio
10.5,0.49,0.9,3.21,MEDIA,medio,medio,alto,bajo
10.3,0.66,1.2,3.3,BAJA,medio,alto,alto,medio
9.5,0.67,0.52,3.48,BAJA,bajo,alto,bajo,alto
13.1,0.52,0.56,3.9,BAJA,alto,medio,bajo,alto
9.2,0.935,0.73,3.25,BAJA,bajo,alto,alto,bajo
9.5,0.29,0.58,3.25,BAJA,bajo,bajo,medio,bajo
9.2,0.4,0.56,3.34,BAJA,bajo,bajo,bajo,medio
9.2,0.31,0.58,3.32,BAJA,bajo,bajo,medio,medio
9.2,0.66,0.74,3.15,BAJA,bajo,alto,alto,bajo
9.4,0.52,0.63,3.4,MEDIA,bajo,medio,medio,alto
9.4,0.5,0.64,3.39,MEDIA,bajo,medio,medio,alto
9.4,0.38,0.56,3.2,BAJA,bajo,bajo,bajo,bajo
10.2,0.51,0.63,3.17,MEDIA,medio,medio,medio,bajo
9.5,0.62,0.53,3.34,BAJA,bajo,alto,bajo,medio
9.6,0.42,0.63,3.04,BAJA,bajo,bajo,medio,bajo
9.4,0.63,0.77,3.26,BAJA,bajo,alto,alto,medio
10.0,0.59,0.59,3.43,BAJA,medio,medio,medio,alto
9.4,0.39,0.54,3.41,MEDIA,bajo,bajo,bajo,alto
9.2,0.4,0.64,3.44,BAJA,bajo,bajo,medio,alto
9.3,0.69,0.71,3.21,BAJA,bajo,alto,alto,bajo
9.5,0.52,0.62,3.38,ALTA,bajo,medio,medio,alto
9.8,0.735,0.57,3.39,BAJA,medio,alto,bajo,alto
10.9,0.725,0.39,3.41,BAJA,alto,alto,bajo,alto
10.9,0.725,0.39,3.41,BAJA,alto,alto,bajo,alto
9.6,0.52,0.58,3.42,BAJA,bajo,medio,medio,alto
10.7,0.705,0.58,3.44,BAJA,medio,alto,medio,alto
10.7,0.32,0.79,3.28,BAJA,medio,bajo,alto,medio
10.5,0.705,0.95,3.34,MEDIA,medio,alto,alto,medio
9.5,0.63,0.54,3.32,MEDIA,bajo,alto,bajo,medio
9.5,0.67,0.48,3.32,BAJA,bajo,alto,bajo,medio
9.5,0.69,0.48,3.31,BAJA,bajo,alto,bajo,medio
9.2,0.675,0.53,3.31,BAJA,bajo,alto,bajo,medio
9.6,0.32,0.82,3.28,BAJA,bajo,bajo,alto,medio
10.5,0.41,0.66,3.54,BAJA,medio,bajo,medio,alto
10.5,0.41,0.66,3.54,BAJA,medio,bajo,medio,alto
10.7,0.785,0.55,3.52,MEDIA,medio,alto,bajo,alto
10.1,0.75,0.52,3.38,BAJA,medio,alto,bajo,alto
9.1,0.625,1.12,3.16,BAJA,bajo,alto,alto,bajo
9.2,0.45,0.56,3.41,BAJA,bajo,medio,bajo,alto
9.4,0.43,1.28,3.13,BAJA,bajo,bajo,alto,bajo
9.1,0.5,0.57,3.36,BAJA,bajo,medio,bajo,medio
9.4,0.67,1.14,3.16,BAJA,bajo,alto,alto,bajo
10.3,0.3,0.78,3.44,MEDIA,medio,bajo,alto,alto
10.1,0.55,0.59,3.41,BAJA,medio,medio,medio,alto
9.9,0.49,1.95,2.93,MEDIA,medio,medio,alto,bajo
9.6,0.49,0.64,3.39,BAJA,bajo,medio,medio,alto
9.5,0.39,1.22,3.14,BAJA,bajo,bajo,alto,bajo
9.0,0.62,0.53,3.48,BAJA,bajo,alto,bajo,alto
9.5,0.52,0.54,3.23,BAJA,bajo,medio,bajo,bajo
9.9,0.49,1.95,2.93,MEDIA,medio,medio,alto,bajo
9.8,0.49,1.98,2.93,BAJA,medio,medio,alto,bajo
9.6,0.49,0.64,3.39,BAJA,bajo,medio,medio,alto
10.5,1.02,0.48,3.75,BAJA,medio,alto,bajo,alto
12.9,0.6,0.6,3.85,MEDIA,alto,medio,medio,alto
10.7,0.775,0.56,3.45,BAJA,medio,alto,bajo,alto
9.2,0.5,0.63,3.25,BAJA,bajo,medio,medio,bajo
9.8,0.9,0.56,3.39,BAJA,medio,alto,bajo,alto
9.0,0.545,0.59,3.3,MEDIA,bajo,medio,medio,medio
10.2,0.61,0.61,3.4,MEDIA,medio,alto,medio,alto
10.4,0.5,0.56,3.31,MEDIA,medio,medio,bajo,medio
9.0,0.545,0.59,3.3,MEDIA,bajo,medio,medio,medio
9.2,0.575,0.51,3.29,BAJA,bajo,medio,bajo,medio
9.4,0.49,0.48,3.33,BAJA,bajo,medio,bajo,medio
9.2,0.575,0.51,3.29,BAJA,bajo,medio,bajo,medio
9.3,0.41,1.31,3.08,BAJA,bajo,bajo,alto,bajo
9.3,0.63,0.79,3.46,BAJA,bajo,alto,alto,alto
9.6,0.33,0.8,3.37,MEDIA,bajo,bajo,alto,medio
9.3,0.785,0.69,3.21,BAJA,bajo,alto,alto,bajo
9.5,0.56,0.93,3.19,BAJA,bajo,medio,alto,bajo
9.8,0.62,0.66,3.15,BAJA,medio,alto,medio,bajo
9.8,0.6,0.66,3.15,BAJA,medio,medio,medio,bajo
9.7,0.31,0.67,3.32,MEDIA,bajo,bajo,medio,medio
9.5,0.56,0.93,3.19,BAJA,bajo,medio,alto,bajo
10.5,0.4,0.63,3.07,MEDIA,medio,bajo,medio,bajo
10.0,0.54,0.61,3.39,MEDIA,medio,medio,medio,alto
9.4,0.56,0.5,3.37,MEDIA,bajo,medio,bajo,medio
10.9,0.55,0.6,3.21,MEDIA,alto,medio,medio,bajo
9.2,0.69,0.54,3.34,MEDIA,bajo,alto,bajo,medio
9.0,1.07,0.57,3.3,BAJA,bajo,alto,bajo,medio
10.9,0.55,0.6,3.21,MEDIA,alto,medio,medio,bajo
9.2,0.695,0.52,3.49,BAJA,bajo,alto,bajo,alto
9.5,0.71,0.53,3.44,BAJA,bajo,alto,bajo,alto
9.5,0.5,0.48,3.39,BAJA,bajo,medio,bajo,alto
9.4,0.62,0.7,3.16,BAJA,bajo,alto,alto,bajo
10.9,1.33,0.49,3.53,BAJA,alto,alto,bajo,alto
10.9,1.33,0.48,3.54,BAJA,alto,alto,bajo,alto
10.5,0.59,0.92,3.42,ALTA,medio,medio,alto,alto
9.4,0.38,0.57,3.42,BAJA,bajo,bajo,bajo,alto
9.4,0.745,0.66,3.24,BAJA,bajo,alto,medio,bajo
13.0,0.5,0.63,3.63,BAJA,alto,medio,medio,alto
13.0,0.5,0.63,3.63,BAJA,alto,medio,medio,alto
9.8,0.5,0.58,3.4,MEDIA,medio,medio,medio,alto
9.9,1.04,0.55,3.22,MEDIA,medio,alto,bajo,bajo
9.6,0.745,0.82,3.19,BAJA,bajo,alto,alto,bajo
9.5,0.715,0.77,3.23,BAJA,bajo,alto,alto,bajo
9.2,0.415,0.64,3.48,BAJA,bajo,bajo,medio,alto
9.5,0.56,0.54,3.33,BAJA,bajo,medio,bajo,medio
9.5,0.56,0.54,3.32,BAJA,bajo,medio,bajo,medio
9.6,0.745,0.82,3.19,BAJA,bajo,alto,alto,bajo
9.5,0.715,0.77,3.23,BAJA,bajo,alto,alto,bajo
14.0,0.34,0.79,3.68,MEDIA,alto,bajo,alto,alto
9.4,0.39,0.58,3.34,BAJA,bajo,bajo,medio,medio
14.0,0.34,0.79,3.68,MEDIA,alto,bajo,alto,alto
9.4,0.67,0.62,3.17,BAJA,bajo,alto,medio,bajo
10.0,0.68,0.52,3.54,BAJA,medio,alto,bajo,alto
9.3,0.49,0.8,3.11,BAJA,bajo,medio,alto,bajo
10.2,0.49,0.58,3.42,MEDIA,medio,medio,medio,alto
10.5,0.4,0.61,3.53,MEDIA,medio,bajo,medio,alto
10.3,0.33,0.53,3.33,MEDIA,medio,bajo,bajo,medio
9.4,0.52,2.0,2.74,BAJA,bajo,medio,alto,bajo
10.1,0.6,0.54,3.35,BAJA,medio,medio,bajo,medio
10.1,0.6,0.54,3.35,BAJA,medio,medio,bajo,medio
10.5,0.43,0.72,3.42,BAJA,medio,bajo,alto,alto
10.5,0.43,0.71,3.42,BAJA,medio,bajo,alto,alto
10.5,0.43,0.72,3.42,BAJA,medio,bajo,alto,alto
10.5,0.43,0.71,3.42,BAJA,medio,bajo,alto,alto
9.3,0.68,0.5,3.48,BAJA,bajo,alto,bajo,alto
9.3,0.6,0.57,3.59,MEDIA,bajo,medio,bajo,alto
9.6,0.95,0.56,3.2,BAJA,bajo,alto,bajo,bajo
9.2,0.68,1.08,3.17,BAJA,bajo,alto,alto,bajo
10.0,0.53,0.56,3.33,MEDIA,medio,medio,bajo,medio
9.4,0.6,0.49,3.37,BAJA,bajo,medio,bajo,medio
9.4,0.59,0.49,3.37,BAJA,bajo,medio,bajo,medio
9.5,0.63,0.62,3.19,BAJA,bajo,alto,medio,bajo
10.2,0.64,0.52,3.34,BAJA,medio,alto,bajo,medio
9.0,0.55,0.48,3.37,BAJA,bajo,medio,bajo,medio
10.4,0.63,0.55,3.47,MEDIA,medio,alto,bajo,alto
9.5,0.705,1.59,3.0,BAJA,bajo,alto,alto,bajo
9.1,0.885,0.33,3.36,BAJA,bajo,alto,bajo,medio
9.2,0.42,0.61,3.29,MEDIA,bajo,bajo,medio,medio
9.2,0.42,0.61,3.29,MEDIA,bajo,bajo,medio,medio
11.5,0.62,0.57,3.42,MEDIA,alto,alto,bajo,alto
9.5,0.38,0.47,3.33,BAJA,bajo,bajo,bajo,medio
9.5,0.5,0.78,3.35,BAJA,bajo,medio,alto,medio
9.5,0.38,0.47,3.33,BAJA,bajo,bajo,bajo,medio
10.5,0.52,0.61,3.58,MEDIA,medio,medio,medio,alto
9.6,0.805,0.56,3.48,BAJA,bajo,alto,bajo,alto
9.5,0.61,0.59,3.19,BAJA,bajo,alto,medio,bajo
9.5,0.61,0.59,3.19,BAJA,bajo,alto,medio,bajo
9.3,0.61,1.02,3.12,BAJA,bajo,alto,alto,bajo
9.3,0.73,0.52,3.44,BAJA,bajo,alto,bajo,alto
9.3,0.61,0.58,3.54,BAJA,bajo,alto,medio,alto
9.3,0.62,0.58,3.52,MEDIA,bajo,alto,medio,alto
9.7,0.31,0.53,3.26,BAJA,bajo,bajo,bajo,medio
9.2,0.39,0.55,3.34,BAJA,bajo,bajo,bajo,medio
9.7,0.705,0.49,3.39,BAJA,bajo,alto,bajo,alto
9.5,0.5,0.55,3.2,BAJA,bajo,medio,bajo,bajo
9.5,0.49,0.55,3.2,BAJA,bajo,medio,bajo,bajo
9.4,0.5,0.62,3.23,BAJA,bajo,medio,medio,bajo
9.8,0.37,0.62,3.57,MEDIA,medio,bajo,medio,alto
9.5,0.63,0.61,3.28,BAJA,bajo,alto,medio,medio
9.7,0.55,0.55,3.28,BAJA,bajo,medio,bajo,medio
9.7,0.55,0.55,3.28,BAJA,bajo,medio,bajo,medio
9.4,0.59,0.54,3.25,BAJA,bajo,medio,bajo,bajo
10.2,0.58,0.59,3.46,BAJA,medio,medio,medio,alto
10.1,0.3,0.97,3.11,MEDIA,medio,bajo,alto,bajo
13.0,0.835,0.85,3.57,ALTA,alto,alto,alto,alto
11.4,1.09,0.43,3.51,BAJA,alto,alto,bajo,alto
10.3,0.32,0.82,3.22,ALTA,medio,bajo,alto,bajo
9.3,0.37,1.03,3.04,BAJA,bajo,bajo,alto,bajo
9.5,0.5,0.79,3.36,BAJA,bajo,medio,alto,medio
9.2,0.42,0.55,3.34,BAJA,bajo,bajo,bajo,medio
9.2,0.43,0.56,3.34,MEDIA,bajo,bajo,bajo,medio
10.8,0.3,0.77,3.2,ALTA,medio,bajo,alto,bajo
10.8,0.3,0.77,3.2,ALTA,medio,bajo,alto,bajo
9.3,0.57,0.53,3.29,BAJA,bajo,medio,bajo,medio
9.4,0.44,0.67,3.22,BAJA,bajo,medio,medio,bajo
10.5,0.3,0.88,3.31,ALTA,medio,bajo,alto,medio
12.4,0.53,0.86,3.3,MEDIA,alto,medio,alto,medio
10.0,0.725,0.56,3.35,MEDIA,medio,alto,bajo,medio
10.2,0.44,0.67,3.21,MEDIA,medio,medio,medio,bajo
10.1,0.57,0.43,3.3,BAJA,medio,medio,bajo,medio
9.8,0.735,0.71,3.24,MEDIA,medio,alto,alto,bajo
10.5,0.49,0.76,3.34,BAJA,medio,medio,alto,medio
11.0,0.625,0.57,3.14,BAJA,alto,alto,bajo,bajo
9.1,0.725,0.55,3.36,BAJA,bajo,alto,bajo,medio
9.7,0.49,0.54,3.39,BAJA,bajo,medio,bajo,alto
9.5,0.53,0.6,3.3,BAJA,bajo,medio,medio,medio
9.4,0.34,0.59,3.34,MEDIA,bajo,bajo,medio,medio
9.4,0.53,0.57,3.15,BAJA,bajo,medio,bajo,bajo
9.5,0.61,0.6,3.42,BAJA,bajo,alto,medio,alto
10.0,0.645,0.6,3.28,MEDIA,medio,alto,medio,medio
10.4,0.635,0.57,3.31,BAJA,medio,alto,bajo,medio
10.5,0.43,0.58,3.37,MEDIA,medio,bajo,medio,medio
9.5,0.59,1.61,3.04,MEDIA,bajo,medio,alto,bajo
9.8,0.82,0.63,3.39,BAJA,medio,alto,medio,alto
10.5,0.43,0.58,3.37,MEDIA,medio,bajo,medio,medio
11.0,0.52,0.5,3.46,BAJA,alto,medio,bajo,alto
12.2,0.48,0.62,3.54,ALTA,alto,medio,medio,alto
9.9,0.38,0.52,3.37,MEDIA,medio,bajo,bajo,medio
9.6,0.37,0.7,3.34,MEDIA,bajo,bajo,alto,medio
11.0,0.52,0.5,3.46,BAJA,alto,medio,bajo,alto
9.0,1.0,0.55,3.32,MEDIA,bajo,alto,bajo,medio
9.0,0.63,0.58,3.37,MEDIA,bajo,alto,medio,medio
9.0,0.63,0.58,3.37,MEDIA,bajo,alto,medio,medio
9.2,0.645,0.58,3.37,MEDIA,bajo,alto,medio,medio
9.0,0.63,0.58,3.37,MEDIA,bajo,alto,medio,medio
9.0,1.0,0.55,3.32,MEDIA,bajo,alto,bajo,medio
9.3,0.635,1.09,3.0,BAJA,bajo,alto,alto,bajo
10.9,0.38,0.71,3.14,MEDIA,alto,bajo,alto,bajo
9.8,0.58,0.49,3.08,MEDIA,medio,medio,bajo,bajo
9.2,0.21,0.84,3.07,ALTA,bajo,bajo,alto,bajo
9.2,0.21,0.84,3.07,ALTA,bajo,bajo,alto,bajo
9.9,0.66,0.96,3.61,MEDIA,medio,alto,alto,alto
9.5,0.68,0.52,3.38,BAJA,bajo,alto,bajo,alto
9.3,0.6,0.45,3.2,BAJA,bajo,medio,bajo,bajo
9.8,0.53,0.48,3.35,MEDIA,medio,medio,bajo,medio
9.9,0.66,0.96,3.61,MEDIA,medio,alto,alto,alto
10.0,0.32,0.78,3.22,MEDIA,medio,bajo,alto,bajo
9.9,0.6,0.7,3.47,MEDIA,medio,medio,alto,alto
10.5,0.35,0.53,3.17,BAJA,medio,bajo,bajo,bajo
9.5,0.775,0.59,3.23,BAJA,bajo,alto,medio,bajo
9.9,0.6,0.7,3.47,MEDIA,medio,medio,alto,alto
9.3,0.57,0.57,3.26,BAJA,bajo,medio,bajo,medio
9.2,0.34,0.62,3.22,BAJA,bajo,bajo,medio,bajo
9.2,0.695,0.67,3.49,BAJA,bajo,alto,medio,alto
9.4,0.41,1.26,3.06,BAJA,bajo,bajo,alto,bajo
10.5,0.31,0.8,3.36,ALTA,medio,bajo,alto,medio
9.3,0.33,0.65,3.29,BAJA,bajo,bajo,medio,medio
9.4,0.975,0.6,3.35,BAJA,bajo,alto,medio,medio
10.0,0.52,0.57,3.34,BAJA,medio,medio,bajo,medio
9.3,0.37,0.67,3.28,BAJA,bajo,bajo,medio,medio
10.9,0.56,0.87,3.08,BAJA,alto,medio,alto,bajo
10.2,0.26,0.72,3.2,ALTA,medio,bajo,alto,bajo
9.8,0.87,0.72,3.6,BAJA,medio,alto,alto,alto
12.8,0.35,0.86,3.35,ALTA,alto,bajo,alto,medio
9.4,0.54,0.91,3.69,MEDIA,bajo,medio,alto,alto
10.1,0.18,0.97,3.28,MEDIA,medio,bajo,alto,medio
10.7,0.545,0.67,3.36,MEDIA,medio,medio,medio,medio
10.1,0.18,0.97,3.28,MEDIA,medio,bajo,alto,medio
10.1,0.37,0.78,3.22,BAJA,medio,bajo,alto,bajo
9.4,0.715,0.64,3.31,BAJA,bajo,alto,medio,medio
9.4,0.65,0.77,3.38,BAJA,bajo,alto,alto,alto
10.7,0.545,0.67,3.36,MEDIA,medio,medio,medio,medio
9.4,0.54,0.91,3.69,MEDIA,bajo,medio,alto,alto
10.1,0.18,0.97,3.28,MEDIA,medio,bajo,alto,medio
12.6,0.32,0.82,3.23,ALTA,alto,bajo,alto,bajo
10.5,0.4,0.77,3.38,ALTA,medio,bajo,alto,alto
9.3,0.26,0.82,3.12,MEDIA,bajo,bajo,alto,bajo
9.9,0.27,1.08,3.25,ALTA,medio,bajo,alto,bajo
9.1,0.52,0.57,3.36,BAJA,bajo,medio,bajo,medio
10.5,0.4,0.77,3.38,ALTA,medio,bajo,alto,alto
9.8,0.59,0.71,3.31,BAJA,medio,medio,alto,medio
9.8,0.59,0.71,3.31,BAJA,medio,medio,alto,medio
10.3,0.45,0.76,3.1,MEDIA,medio,medio,alto,bajo
10.3,0.4,0.7,3.37,MEDIA,medio,bajo,alto,medio
10.6,0.52,0.86,3.34,ALTA,medio,medio,alto,medio
9.2,0.42,0.95,3.2,BAJA,bajo,bajo,alto,bajo
10.6,0.52,0.86,3.34,ALTA,medio,medio,alto,medio
10.5,0.2,0.71,3.3,BAJA,medio,bajo,alto,medio
10.3,0.55,0.64,3.22,MEDIA,medio,medio,medio,bajo
10.1,0.36,0.6,3.41,MEDIA,medio,bajo,medio,alto
9.5,0.34,0.81,3.05,MEDIA,bajo,bajo,alto,bajo
9.5,0.5,0.64,3.05,BAJA,bajo,medio,medio,bajo
9.9,0.83,0.52,3.16,BAJA,medio,alto,bajo,bajo
9.6,0.63,0.73,3.67,BAJA,bajo,alto,alto,alto
9.7,0.65,0.8,3.67,BAJA,bajo,alto,alto,alto
9.6,0.67,0.71,3.68,BAJA,bajo,alto,alto,alto
10.7,0.53,0.59,3.38,MEDIA,medio,medio,medio,alto
10.1,0.18,0.64,3.22,MEDIA,medio,bajo,medio,bajo
10.0,0.705,0.72,3.51,BAJA,medio,alto,alto,alto
9.5,0.67,0.54,3.39,BAJA,bajo,alto,bajo,alto
9.2,0.65,0.52,3.2,BAJA,bajo,alto,bajo,bajo
9.3,0.53,0.59,3.12,MEDIA,bajo,medio,medio,bajo
9.4,0.62,0.52,3.36,BAJA,bajo,alto,bajo,medio
9.5,0.41,0.62,3.19,MEDIA,bajo,bajo,medio,bajo
9.5,0.43,0.63,3.19,MEDIA,bajo,bajo,medio,bajo
9.5,0.29,0.53,3.41,MEDIA,bajo,bajo,bajo,alto
9.3,0.53,0.59,3.12,MEDIA,bajo,medio,medio,bajo
9.4,0.53,0.54,3.27,MEDIA,bajo,medio,bajo,medio
9.5,0.46,0.63,3.32,MEDIA,bajo,medio,medio,medio
9.4,0.47,0.53,3.3,BAJA,bajo,medio,bajo,medio
11.0,0.36,0.68,3.39,BAJA,alto,bajo,medio,alto
11.0,0.35,0.65,3.42,MEDIA,alto,bajo,medio,alto
10.1,0.56,0.65,3.3,BAJA,medio,medio,medio,medio
10.4,0.77,0.64,3.3,MEDIA,medio,alto,medio,medio
11.5,0.66,0.71,3.37,ALTA,alto,alto,alto,medio
10.4,0.77,0.64,3.3,MEDIA,medio,alto,medio,medio
11.5,0.66,0.71,3.37,ALTA,alto,alto,alto,medio
9.7,0.61,0.62,3.24,BAJA,bajo,alto,medio,bajo
9.3,0.62,0.63,3.29,BAJA,bajo,alto,medio,medio
9.5,0.59,0.7,3.28,MEDIA,bajo,medio,alto,medio
9.2,0.49,0.69,3.16,MEDIA,bajo,medio,alto,bajo
9.2,0.49,0.69,3.16,MEDIA,bajo,medio,alto,bajo
11.5,0.53,0.74,3.05,ALTA,alto,medio,alto,bajo
11.5,0.44,0.83,3.28,BAJA,alto,medio,alto,medio
9.7,0.27,0.67,3.16,MEDIA,bajo,bajo,medio,bajo
9.5,0.46,0.62,3.18,BAJA,bajo,medio,medio,bajo
12.5,0.36,0.66,3.23,MEDIA,alto,bajo,medio,bajo
12.5,0.36,0.66,3.23,MEDIA,alto,bajo,medio,bajo
9.4,0.58,0.54,3.22,MEDIA,bajo,medio,bajo,bajo
11.0,0.56,0.52,3.13,BAJA,alto,medio,bajo,bajo
11.7,0.65,0.74,3.34,ALTA,alto,alto,alto,medio
12.2,0.695,0.84,3.17,ALTA,alto,alto,alto,bajo
12.5,0.43,0.7,3.35,MEDIA,alto,bajo,alto,medio
10.3,0.43,0.64,3.31,BAJA,medio,bajo,medio,medio
11.5,0.49,1.0,3.16,MEDIA,alto,medio,alto,bajo
9.8,0.28,1.36,3.11,ALTA,medio,bajo,alto,bajo
9.2,0.34,1.18,3.12,MEDIA,bajo,bajo,alto,bajo
11.3,0.42,0.87,3.21,MEDIA,alto,bajo,alto,bajo
9.8,0.39,0.75,3.3,MEDIA,medio,bajo,alto,medio
9.8,0.39,0.75,3.3,MEDIA,medio,bajo,alto,medio
10.7,0.57,0.78,3.12,MEDIA,medio,medio,alto,bajo
9.9,0.685,0.81,3.6,BAJA,medio,alto,alto,alto
12.3,0.815,0.89,3.58,ALTA,alto,alto,alto,alto
12.0,0.49,0.93,3.02,MEDIA,alto,medio,alto,bajo
10.0,0.56,0.92,3.11,MEDIA,medio,medio,alto,bajo
9.4,0.785,0.86,3.36,MEDIA,bajo,alto,alto,medio
9.9,0.67,0.98,3.28,MEDIA,medio,alto,alto,medio
9.4,0.795,0.83,3.35,MEDIA,bajo,alto,alto,medio
9.3,0.665,0.73,3.27,BAJA,bajo,alto,alto,medio
13.0,0.53,0.77,3.18,BAJA,alto,medio,alto,bajo
11.9,0.21,0.59,3.25,MEDIA,alto,bajo,medio,bajo
12.8,0.75,0.61,3.55,MEDIA,alto,alto,medio,alto
11.0,0.41,0.88,3.26,BAJA,alto,bajo,alto,medio
11.7,0.42,0.75,3.24,ALTA,alto,bajo,alto,bajo
10.4,0.43,0.85,3.15,ALTA,medio,bajo,alto,bajo
9.8,0.38,0.68,3.17,MEDIA,medio,bajo,medio,bajo
9.4,0.7,0.7,3.19,BAJA,bajo,alto,alto,bajo
9.9,0.45,0.91,3.37,MEDIA,medio,medio,alto,medio
10.0,0.58,0.56,3.05,BAJA,medio,medio,bajo,bajo
10.2,0.46,0.87,2.99,BAJA,medio,medio,alto,bajo
10.0,0.615,0.73,3.07,ALTA,medio,alto,alto,bajo
11.8,0.42,0.93,3.26,MEDIA,alto,bajo,alto,medio
10.0,0.615,0.73,3.07,ALTA,medio,alto,alto,bajo
9.0,0.575,0.69,3.16,BAJA,bajo,medio,alto,bajo
9.4,0.34,0.64,3.18,BAJA,bajo,bajo,medio,bajo
12.0,0.27,1.13,3.2,ALTA,alto,bajo,alto,bajo
9.9,0.765,0.78,3.57,BAJA,medio,alto,alto,alto
8.7,0.24,0.87,3.32,MEDIA,bajo,bajo,alto,medio
10.6,0.28,1.04,3.32,MEDIA,medio,bajo,alto,medio
9.2,0.55,0.63,3.05,BAJA,bajo,medio,medio,bajo
10.8,0.41,0.81,3.01,MEDIA,medio,bajo,alto,bajo
11.8,0.54,0.83,3.01,ALTA,alto,medio,alto,bajo
11.0,0.45,1.11,3.26,MEDIA,alto,medio,alto,medio
12.0,0.27,1.13,3.2,ALTA,alto,bajo,alto,bajo
13.3,0.625,0.99,3.11,MEDIA,alto,alto,alto,bajo
10.8,0.42,0.7,3.31,MEDIA,medio,bajo,alto,medio
9.4,0.26,0.8,3.21,MEDIA,bajo,bajo,alto,bajo
10.0,0.415,0.8,3.06,MEDIA,medio,bajo,alto,bajo
9.4,0.26,0.8,3.21,MEDIA,bajo,bajo,alto,bajo
9.4,0.26,0.8,3.21,MEDIA,bajo,bajo,alto,bajo
9.2,0.51,0.74,3.42,BAJA,bajo,medio,alto,alto
9.7,0.63,0.76,3.43,MEDIA,bajo,alto,alto,alto
9.2,0.54,0.74,3.41,MEDIA,bajo,medio,alto,alto
9.6,0.66,0.54,3.31,MEDIA,bajo,alto,bajo,medio
9.2,0.46,0.74,3.43,MEDIA,bajo,medio,alto,alto
10.0,0.38,0.7,3.19,ALTA,medio,bajo,alto,bajo
12.9,0.85,0.82,3.56,ALTA,alto,alto,alto,alto
10.0,0.415,0.8,3.06,MEDIA,medio,bajo,alto,bajo
9.5,0.37,0.51,3.18,BAJA,bajo,bajo,bajo,bajo
9.1,0.665,0.54,3.16,BAJA,bajo,alto,bajo,bajo
9.9,0.6,0.57,3.03,BAJA,medio,medio,bajo,bajo
13.0,0.37,0.6,3.22,ALTA,alto,bajo,medio,bajo
9.9,0.735,0.53,3.47,BAJA,medio,alto,bajo,alto
11.0,0.59,0.65,3.18,MEDIA,alto,medio,medio,bajo
11.0,0.59,0.65,3.18,MEDIA,alto,medio,medio,bajo
9.4,0.765,0.55,3.1,BAJA,bajo,alto,bajo,bajo
9.9,0.735,0.53,3.47,BAJA,medio,alto,bajo,alto
10.8,0.26,0.47,3.29,MEDIA,medio,bajo,bajo,medio
10.5,0.48,0.61,3.1,MEDIA,medio,medio,medio,bajo
10.5,0.6,0.63,3.15,MEDIA,medio,medio,medio,bajo
9.1,0.69,0.61,3.26,BAJA,bajo,alto,medio,medio
10.1,0.31,0.76,3.36,MEDIA,medio,bajo,alto,medio
10.8,0.44,0.65,3.24,MEDIA,medio,medio,medio,bajo
10.8,0.39,0.63,3.18,ALTA,medio,bajo,medio,bajo
11.3,0.34,0.7,3.19,MEDIA,alto,bajo,alto,bajo
9.6,0.46,0.57,3.05,BAJA,bajo,medio,bajo,bajo
9.5,0.43,0.62,3.38,MEDIA,bajo,bajo,medio,alto
9.5,0.45,0.62,3.38,BAJA,bajo,medio,medio,alto
9.3,0.735,0.64,3.27,BAJA,bajo,alto,medio,medio
11.7,0.4,0.82,3.27,ALTA,alto,bajo,alto,medio
9.5,0.52,0.61,3.26,BAJA,bajo,medio,medio,medio
9.3,0.725,1.07,3.32,BAJA,bajo,alto,alto,medio
11.7,0.48,0.66,3.26,MEDIA,alto,medio,medio,medio
10.5,0.58,0.48,3.44,BAJA,medio,medio,bajo,alto
10.4,0.38,0.76,3.24,MEDIA,medio,bajo,alto,bajo
9.9,0.77,0.68,3.62,BAJA,medio,alto,medio,alto
11.8,0.56,0.73,3.28,ALTA,alto,medio,alto,medio
12.3,0.84,0.56,3.52,ALTA,alto,alto,bajo,alto
10.9,0.96,0.44,3.36,BAJA,alto,alto,bajo,medio
11.0,0.24,0.9,3.15,ALTA,alto,bajo,alto,bajo
10.9,0.96,0.44,3.36,BAJA,alto,alto,bajo,medio
12.3,0.84,0.56,3.52,ALTA,alto,alto,bajo,alto
11.4,0.67,0.49,3.49,MEDIA,alto,alto,bajo,alto
10.6,0.78,0.56,3.26,MEDIA,medio,alto,bajo,medio
9.3,0.52,0.6,3.24,BAJA,bajo,medio,medio,bajo
10.4,0.84,0.6,3.1,MEDIA,medio,alto,medio,bajo
11.0,0.24,0.9,3.15,ALTA,alto,bajo,alto,bajo
9.2,0.55,0.56,3.25,BAJA,bajo,medio,bajo,bajo
12.8,0.37,0.65,3.0,MEDIA,alto,bajo,medio,bajo
9.5,0.39,0.49,3.16,BAJA,bajo,bajo,bajo,bajo
9.9,0.41,0.89,3.15,MEDIA,medio,bajo,alto,bajo
9.5,0.39,0.49,3.16,BAJA,bajo,bajo,bajo,bajo
10.2,0.67,0.56,3.26,MEDIA,medio,alto,bajo,medio
11.2,0.45,0.66,3.17,MEDIA,alto,medio,medio,bajo
9.9,0.41,0.89,3.15,MEDIA,medio,bajo,alto,bajo
9.3,0.62,0.6,3.08,BAJA,bajo,alto,medio,bajo
9.8,0.31,0.82,2.88,ALTA,medio,bajo,alto,bajo
11.3,0.4,0.68,3.06,MEDIA,alto,bajo,medio,bajo
11.2,0.685,0.68,2.95,ALTA,alto,alto,medio,bajo
11.6,0.44,0.63,3.23,ALTA,alto,medio,medio,bajo
12.5,0.57,0.84,3.57,ALTA,alto,medio,alto,alto
10.1,0.735,0.56,3.23,MEDIA,medio,alto,bajo,bajo
10.5,0.38,0.73,3.1,BAJA,medio,bajo,alto,bajo
11.2,0.48,0.72,3.22,BAJA,alto,medio,alto,bajo
10.2,0.53,0.56,3.2,MEDIA,medio,medio,bajo,bajo
10.8,0.39,0.61,3.1,MEDIA,medio,bajo,medio,bajo
10.8,0.39,0.61,3.1,MEDIA,medio,bajo,medio,bajo
9.1,0.37,1.06,3.06,MEDIA,bajo,bajo,alto,bajo
10.0,0.56,0.63,3.44,MEDIA,medio,medio,medio,alto
11.2,0.33,0.74,3.26,ALTA,alto,bajo,alto,medio
11.1,0.23,0.63,3.5,BAJA,alto,bajo,medio,alto
13.4,0.62,0.69,3.22,ALTA,alto,alto,alto,bajo
10.3,0.59,0.58,3.37,BAJA,medio,medio,medio,medio
9.6,0.63,0.58,3.28,BAJA,bajo,alto,medio,medio
11.2,0.33,0.74,3.26,ALTA,alto,bajo,alto,medio
9.0,0.58,0.57,3.25,BAJA,bajo,medio,bajo,bajo
11.3,0.43,0.61,3.35,MEDIA,alto,bajo,medio,medio
9.3,0.615,0.61,3.26,BAJA,bajo,alto,medio,medio
11.8,0.26,0.61,3.18,BAJA,alto,bajo,medio,bajo
9.0,0.66,0.53,3.08,BAJA,bajo,alto,bajo,bajo
9.2,0.315,0.7,2.98,MEDIA,bajo,bajo,alto,bajo
9.7,0.29,0.91,3.48,BAJA,bajo,bajo,alto,alto
11.5,0.5,0.72,3.16,MEDIA,alto,medio,alto,bajo
14.0,0.46,0.79,3.32,MEDIA,alto,medio,alto,medio
9.2,0.36,0.62,3.17,MEDIA,bajo,bajo,medio,bajo
9.8,0.82,0.58,3.2,BAJA,medio,alto,medio,bajo
10.6,0.32,0.61,3.05,BAJA,medio,bajo,medio,bajo
11.4,0.54,0.71,3.2,MEDIA,alto,medio,alto,bajo
10.4,0.37,0.82,3.15,MEDIA,medio,bajo,alto,bajo
10.6,0.35,0.79,3.26,BAJA,medio,bajo,alto,medio
9.4,0.28,0.89,3.2,MEDIA,bajo,bajo,alto,bajo
10.2,0.68,0.6,3.14,BAJA,medio,alto,medio,bajo
9.7,0.27,0.7,3.28,BAJA,bajo,bajo,alto,medio
11.0,0.24,1.06,3.18,MEDIA,alto,bajo,alto,bajo
10.2,0.68,0.6,3.14,BAJA,medio,alto,medio,bajo
10.1,0.685,0.7,3.19,MEDIA,medio,alto,alto,bajo
9.2,0.28,0.66,3.12,BAJA,bajo,bajo,medio,bajo
11.7,0.3,0.92,3.15,ALTA,alto,bajo,alto,bajo
9.4,0.36,1.05,3.04,BAJA,bajo,bajo,alto,bajo
9.4,0.36,1.06,3.04,BAJA,bajo,bajo,alto,bajo
13.4,0.44,0.66,3.06,MEDIA,alto,medio,medio,bajo
10.0,0.67,0.47,3.17,BAJA,medio,alto,bajo,bajo
10.0,0.67,0.47,3.17,BAJA,medio,alto,bajo,bajo
10.0,0.645,0.42,3.17,MEDIA,medio,alto,bajo,bajo
10.8,0.32,0.92,3.32,ALTA,medio,bajo,alto,medio
10.2,0.39,0.75,3.34,MEDIA,medio,bajo,alto,medio
10.6,0.775,0.67,3.31,MEDIA,medio,alto,medio,medio
13.3,0.41,0.79,3.34,ALTA,alto,bajo,alto,medio
13.4,0.4,0.9,3.32,ALTA,alto,bajo,alto,medio
11.6,0.69,0.74,3.48,MEDIA,alto,alto,alto,alto
12.1,0.39,0.55,3.44,MEDIA,alto,bajo,bajo,alto
11.0,0.35,0.65,3.15,ALTA,alto,bajo,medio,bajo
9.0,0.52,0.65,3.43,MEDIA,bajo,medio,medio,alto
11.1,0.34,0.79,3.32,BAJA,alto,bajo,alto,medio
11.0,0.35,0.65,3.15,ALTA,alto,bajo,medio,bajo
11.6,0.69,0.74,3.48,MEDIA,alto,alto,alto,alto
9.0,0.52,0.65,3.43,MEDIA,bajo,medio,medio,alto
12.0,0.44,0.85,3.17,ALTA,alto,medio,alto,bajo
12.0,0.44,0.85,3.17,ALTA,alto,medio,alto,bajo
10.9,0.26,1.04,3.18,ALTA,alto,bajo,alto,bajo
10.8,0.24,1.05,3.21,ALTA,medio,bajo,alto,bajo
12.5,0.49,0.78,3.16,ALTA,alto,medio,alto,bajo
10.8,0.24,1.02,3.25,ALTA,medio,bajo,alto,bajo
9.5,0.67,0.71,3.17,MEDIA,bajo,alto,alto,bajo
10.2,0.59,0.63,3.18,MEDIA,medio,medio,medio,bajo
11.4,0.29,0.68,3.04,ALTA,alto,bajo,medio,bajo
9.5,0.42,0.61,3.02,BAJA,bajo,bajo,medio,bajo
10.2,0.59,0.63,3.18,MEDIA,medio,medio,medio,bajo
9.7,0.4,0.81,3.03,MEDIA,bajo,bajo,alto,bajo
11.8,0.51,0.66,3.09,ALTA,alto,medio,medio,bajo
11.8,0.51,0.66,3.09,ALTA,alto,medio,medio,bajo
9.3,0.655,1.14,3.31,BAJA,bajo,alto,alto,medio
11.9,0.6,0.74,3.25,MEDIA,alto,medio,alto,bajo
8.4,0.61,0.63,3.16,BAJA,bajo,alto,medio,bajo
11.7,0.21,0.68,3.22,MEDIA,alto,bajo,medio,bajo
11.0,0.365,0.78,3.36,BAJA,alto,bajo,alto,medio
10.0,0.25,0.9,3.42,MEDIA,medio,bajo,alto,alto
9.1,0.41,0.64,3.48,BAJA,bajo,bajo,medio,alto
9.8,0.39,0.99,3.38,BAJA,medio,bajo,alto,alto
9.4,0.4,0.55,3.22,BAJA,bajo,bajo,bajo,bajo
9.5,0.43,0.64,3.23,BAJA,bajo,bajo,medio,bajo
9.9,0.64,0.67,3.24,BAJA,medio,alto,medio,bajo
11.0,0.365,0.78,3.36,BAJA,alto,bajo,alto,medio
11.4,0.38,0.77,3.39,MEDIA,alto,bajo,alto,alto
8.7,0.42,0.75,3.34,MEDIA,bajo,bajo,alto,medio
9.4,0.63,0.57,3.09,BAJA,bajo,alto,bajo,bajo
10.3,0.22,0.87,3.41,MEDIA,medio,bajo,alto,alto
10.3,0.38,0.61,3.16,BAJA,medio,bajo,medio,bajo
10.3,0.38,0.61,3.16,BAJA,medio,bajo,medio,bajo
12.8,0.27,0.66,3.22,MEDIA,alto,bajo,medio,bajo
10.0,0.48,0.56,3.28,MEDIA,medio,medio,bajo,medio
10.3,0.22,0.87,3.41,MEDIA,medio,bajo,alto,alto
9.4,0.63,0.57,3.09,BAJA,bajo,alto,bajo,bajo
10.7,0.825,0.77,3.37,MEDIA,medio,alto,alto,medio
12.0,0.35,0.66,3.2,ALTA,alto,bajo,medio,bajo
11.2,0.5,0.62,3.22,BAJA,alto,medio,medio,bajo
9.6,0.59,0.67,3.26,BAJA,bajo,medio,medio,medio
11.0,0.46,0.73,3.21,MEDIA,alto,medio,alto,bajo
9.9,0.715,0.59,3.12,BAJA,medio,alto,medio,bajo
11.0,0.66,0.72,3.06,MEDIA,alto,alto,alto,bajo
8.4,0.31,0.79,2.86,MEDIA,bajo,bajo,alto,bajo
9.1,0.47,0.59,3.08,BAJA,bajo,medio,medio,bajo
9.5,0.55,0.78,3.45,MEDIA,bajo,medio,alto,alto
10.7,0.31,0.86,3.26,MEDIA,medio,bajo,alto,medio
10.4,0.35,0.75,3.12,MEDIA,medio,bajo,alto,bajo
9.4,0.53,0.61,3.27,MEDIA,bajo,medio,medio,medio
9.5,0.51,0.56,3.33,MEDIA,bajo,medio,bajo,medio
10.0,0.43,0.73,3.19,MEDIA,medio,bajo,alto,bajo
10.0,0.46,0.74,3.12,MEDIA,medio,medio,alto,bajo
11.5,1.04,0.62,3.74,BAJA,alto,alto,medio,alto
11.1,0.645,0.74,2.92,BAJA,alto,alto,alto,bajo
11.1,0.645,0.74,2.92,BAJA,alto,alto,alto,bajo
11.7,0.53,0.56,3.07,MEDIA,alto,medio,bajo,bajo
11.1,0.645,0.74,2.92,BAJA,alto,alto,alto,bajo
11.7,0.53,0.56,3.07,MEDIA,alto,medio,bajo,bajo
12.7,0.47,0.68,3.3,MEDIA,alto,medio,medio,medio
11.4,0.6,0.57,3.14,BAJA,alto,medio,bajo,bajo
9.2,0.44,0.58,3.23,BAJA,bajo,medio,medio,bajo
9.2,0.54,0.61,3.08,BAJA,bajo,medio,medio,bajo
10.1,0.29,0.61,3.31,MEDIA,medio,bajo,medio,medio
12.7,0.47,0.68,3.3,MEDIA,alto,medio,medio,medio
11.4,0.6,0.57,3.14,BAJA,alto,medio,bajo,bajo
9.0,0.7,0.6,3.32,MEDIA,bajo,alto,medio,medio
9.0,0.7,0.6,3.32,MEDIA,bajo,alto,medio,medio
10.7,0.5,0.79,3.31,MEDIA,medio,medio,alto,medio
11.7,0.36,0.57,3.57,MEDIA,alto,bajo,bajo,alto
11.0,0.35,0.91,3.32,MEDIA,alto,bajo,alto,medio
11.7,0.36,0.57,3.57,MEDIA,alto,bajo,bajo,alto
10.4,0.24,0.61,3.14,BAJA,medio,bajo,medio,bajo
9.6,0.59,0.56,3.3,BAJA,bajo,medio,bajo,medio
10.0,0.34,0.7,3.19,MEDIA,medio,bajo,alto,bajo
10.2,0.27,0.8,3.2,MEDIA,medio,bajo,alto,bajo
10.0,0.5,0.52,3.34,BAJA,medio,medio,bajo,medio
9.5,0.44,0.6,3.3,BAJA,bajo,medio,medio,medio
9.8,0.47,0.6,3.29,BAJA,medio,medio,medio,medio
9.8,0.31,0.51,3.14,MEDIA,medio,bajo,bajo,bajo
9.6,0.5,0.44,3.19,BAJA,bajo,medio,bajo,bajo
9.6,0.5,0.44,3.19,BAJA,bajo,medio,bajo,bajo
9.2,0.49,0.43,3.19,BAJA,bajo,medio,bajo,bajo
9.9,0.28,0.66,2.98,ALTA,medio,bajo,medio,bajo
10.7,0.33,0.76,3.3,ALTA,medio,bajo,alto,medio
9.6,0.51,0.66,3.47,MEDIA,bajo,medio,medio,alto
10.6,0.31,1.02,3.12,ALTA,medio,bajo,alto,bajo
9.3,0.73,0.59,3.26,BAJA,bajo,alto,medio,medio
14.0,0.42,0.74,3.72,ALTA,alto,bajo,alto,alto
10.5,0.29,0.74,3.05,ALTA,medio,bajo,alto,bajo
9.7,0.45,0.57,3.35,BAJA,bajo,medio,bajo,medio
11.5,0.39,0.5,3.12,MEDIA,alto,bajo,bajo,bajo
9.7,0.45,0.57,3.35,BAJA,bajo,medio,bajo,medio
9.0,0.49,0.58,3.29,BAJA,bajo,medio,medio,medio
9.5,0.72,0.53,3.4,BAJA,bajo,alto,bajo,alto
9.3,0.595,0.57,3.27,BAJA,bajo,medio,bajo,medio
9.3,0.4,0.6,3.04,MEDIA,bajo,bajo,medio,bajo
10.0,0.58,0.63,3.09,MEDIA,medio,medio,medio,bajo
9.8,0.585,0.48,3.2,MEDIA,medio,medio,bajo,bajo
9.3,0.59,0.7,3.0,MEDIA,bajo,medio,alto,bajo
10.0,0.915,0.47,3.26,BAJA,medio,alto,bajo,medio
9.0,0.46,0.56,3.1,MEDIA,bajo,medio,bajo,bajo
9.3,0.835,0.52,3.3,BAJA,bajo,alto,bajo,medio
9.0,0.46,0.56,3.1,MEDIA,bajo,medio,bajo,bajo
9.1,0.58,0.62,3.17,MEDIA,bajo,medio,medio,bajo
9.2,0.6,0.59,3.31,MEDIA,bajo,medio,medio,medio
12.2,0.41,0.79,3.34,ALTA,alto,bajo,alto,medio
10.5,0.48,0.53,3.31,MEDIA,medio,medio,bajo,medio
10.4,0.65,0.64,3.32,MEDIA,medio,alto,medio,medio
12.7,0.36,0.52,3.56,MEDIA,alto,bajo,bajo,alto
9.2,0.24,0.54,3.39,BAJA,bajo,bajo,bajo,alto
9.4,0.38,0.54,2.98,BAJA,bajo,bajo,bajo,bajo
10.0,0.64,0.6,3.32,MEDIA,medio,alto,medio,medio
9.8,0.39,0.74,3.26,BAJA,medio,bajo,alto,medio
10.2,0.755,1.36,2.87,MEDIA,medio,alto,alto,bajo
9.7,0.6,0.57,3.5,BAJA,bajo,medio,bajo,alto
9.7,0.6,0.57,3.5,BAJA,bajo,medio,bajo,alto
9.8,0.31,0.93,3.03,MEDIA,medio,bajo,alto,bajo
10.2,0.46,0.7,3.13,BAJA,medio,medio,alto,bajo
9.3,0.37,0.8,3.09,BAJA,bajo,bajo,alto,bajo
9.4,0.54,0.61,3.27,BAJA,bajo,medio,medio,medio
9.4,0.56,0.62,3.28,BAJA,bajo,medio,medio,medio
9.5,0.58,0.55,3.13,BAJA,bajo,medio,bajo,bajo
12.1,0.51,0.96,3.49,MEDIA,alto,medio,alto,alto
10.2,0.69,0.72,3.46,BAJA,medio,alto,alto,alto
10.2,0.69,0.72,3.46,BAJA,medio,alto,alto,alto
9.1,0.6,0.49,3.36,BAJA,bajo,medio,bajo,medio
9.1,0.6,0.49,3.36,BAJA,bajo,medio,bajo,medio
9.3,0.54,0.6,3.27,MEDIA,bajo,medio,medio,medio
9.3,0.685,0.61,3.21,BAJA,bajo,alto,medio,bajo
9.3,0.54,0.6,3.27,MEDIA,bajo,medio,medio,medio
9.5,0.28,0.63,3.25,BAJA,bajo,bajo,medio,bajo
10.5,0.41,0.57,3.32,MEDIA,medio,bajo,bajo,medio
11.3,0.935,0.64,3.43,BAJA,alto,alto,medio,alto
9.5,0.35,0.58,3.27,BAJA,bajo,bajo,medio,medio
9.7,0.84,0.55,3.27,BAJA,bajo,alto,bajo,medio
9.4,0.88,0.53,3.24,BAJA,bajo,alto,bajo,bajo
9.4,0.885,0.53,3.24,BAJA,bajo,alto,bajo,bajo
10.2,0.915,0.65,3.35,ALTA,medio,alto,medio,medio
10.3,0.29,1.36,3.18,MEDIA,medio,bajo,alto,bajo
9.4,0.54,0.62,3.39,BAJA,bajo,medio,medio,alto
9.5,0.59,0.63,3.46,BAJA,bajo,medio,medio,alto
9.4,0.54,0.62,3.39,BAJA,bajo,medio,medio,alto
9.5,0.59,0.63,3.46,BAJA,bajo,medio,medio,alto
9.4,0.54,0.62,3.39,BAJA,bajo,medio,medio,alto
10.1,0.64,0.69,3.37,ALTA,medio,alto,alto,medio
10.1,0.67,0.63,3.4,BAJA,medio,alto,medio,alto
11.0,0.845,0.58,3.32,BAJA,alto,alto,medio,medio
11.2,0.48,0.67,3.33,ALTA,alto,medio,medio,medio
11.3,0.42,0.57,3.16,MEDIA,alto,bajo,bajo,bajo
9.6,0.43,0.5,2.89,BAJA,bajo,bajo,bajo,bajo
11.2,0.88,0.67,3.41,BAJA,alto,alto,medio,alto
14.9,0.36,0.84,2.98,BAJA,alto,bajo,alto,bajo
12.0,0.33,0.54,3.12,MEDIA,alto,bajo,bajo,bajo
9.5,0.47,0.46,3.08,BAJA,bajo,medio,bajo,bajo
9.4,0.55,0.61,3.14,BAJA,bajo,medio,medio,bajo
9.6,0.43,0.5,2.89,BAJA,bajo,bajo,bajo,bajo
10.5,0.5,0.68,2.92,ALTA,medio,medio,medio,bajo
9.6,0.52,0.81,3.32,MEDIA,bajo,medio,alto,medio
11.0,0.84,0.57,3.41,BAJA,alto,alto,bajo,alto
9.6,0.52,0.81,3.32,MEDIA,bajo,medio,alto,medio
9.0,0.42,0.64,3.31,BAJA,bajo,bajo,medio,medio
9.6,0.57,0.7,3.36,MEDIA,bajo,medio,alto,medio
10.2,0.28,0.79,3.04,MEDIA,medio,bajo,alto,bajo
10.2,0.4,0.66,3.03,BAJA,medio,bajo,medio,bajo
9.7,0.59,0.56,3.14,BAJA,bajo,medio,bajo,bajo
9.5,0.49,0.6,3.18,MEDIA,bajo,medio,medio,bajo
9.2,0.34,0.66,2.94,MEDIA,bajo,bajo,medio,bajo
11.0,0.73,0.57,3.15,BAJA,alto,alto,bajo,bajo
9.2,0.34,0.66,2.94,MEDIA,bajo,bajo,medio,bajo
10.0,0.4,0.58,3.26,BAJA,medio,bajo,medio,medio
9.5,0.73,0.52,3.2,BAJA,bajo,alto,bajo,bajo
9.5,1.24,0.53,3.15,BAJA,bajo,alto,bajo,bajo
9.5,0.73,0.52,3.2,BAJA,bajo,alto,bajo,bajo
9.3,0.4,0.67,3.08,MEDIA,bajo,bajo,medio,bajo
10.2,0.41,0.65,3.26,BAJA,medio,bajo,medio,medio
9.3,0.4,0.67,3.08,MEDIA,bajo,bajo,medio,bajo
9.9,0.8,0.48,3.4,BAJA,medio,alto,bajo,alto
10.0,0.78,0.53,3.48,BAJA,medio,alto,bajo,alto
9.6,0.26,0.54,3.13,BAJA,bajo,bajo,bajo,bajo
9.0,0.43,0.49,3.06,BAJA,bajo,bajo,bajo,bajo
10.2,0.45,0.49,3.21,MEDIA,medio,medio,bajo,bajo
9.8,0.46,0.54,3.33,BAJA,medio,medio,bajo,medio
11.3,0.78,0.56,3.37,BAJA,alto,alto,bajo,medio
9.4,0.98,0.48,3.25,BAJA,bajo,alto,bajo,bajo
11.3,0.78,0.56,3.37,BAJA,alto,alto,bajo,medio
9.1,0.65,0.6,3.44,BAJA,bajo,alto,medio,alto
9.7,0.64,0.59,3.28,BAJA,bajo,alto,medio,medio
9.4,0.66,0.47,3.4,BAJA,bajo,alto,bajo,alto
9.4,0.38,1.05,3.3,BAJA,bajo,bajo,alto,medio
10.7,1.185,0.54,3.63,BAJA,medio,alto,bajo,alto
9.8,0.92,0.54,3.48,BAJA,medio,alto,bajo,alto
9.0,0.49,1.17,3.03,BAJA,bajo,medio,alto,bajo
9.4,0.48,0.62,3.32,BAJA,bajo,medio,medio,medio
9.4,0.47,0.61,3.31,BAJA,bajo,medio,medio,medio
12.8,0.47,0.62,3.9,MEDIA,alto,medio,medio,alto
9.5,0.65,0.67,3.47,MEDIA,bajo,alto,medio,alto
9.5,0.65,0.67,3.47,MEDIA,bajo,alto,medio,alto
9.7,0.615,0.53,3.31,BAJA,bajo,alto,bajo,medio
10.8,0.38,0.62,3.11,MEDIA,medio,bajo,medio,bajo
10.1,1.02,0.57,3.08,MEDIA,medio,alto,bajo,bajo
9.5,0.65,0.67,3.47,MEDIA,bajo,alto,medio,alto
9.4,0.64,0.67,3.47,MEDIA,bajo,alto,medio,alto
9.6,0.38,0.7,3.32,BAJA,bajo,bajo,alto,medio
9.7,0.765,0.54,3.29,BAJA,bajo,alto,bajo,medio
9.9,1.035,0.49,3.37,BAJA,medio,alto,bajo,medio
10.0,0.78,0.47,3.4,BAJA,medio,alto,bajo,alto
10.5,0.49,0.51,3.37,BAJA,medio,medio,bajo,medio
11.6,0.545,0.61,3.34,MEDIA,alto,medio,medio,medio
10.0,0.31,0.66,3.27,MEDIA,medio,bajo,medio,medio
10.1,1.025,0.57,3.06,BAJA,medio,alto,bajo,bajo
9.5,0.565,0.61,3.38,BAJA,bajo,medio,medio,alto
9.4,0.69,0.45,3.36,BAJA,bajo,alto,bajo,medio
9.4,0.43,0.46,3.34,BAJA,bajo,bajo,bajo,medio
9.8,0.74,0.51,3.28,BAJA,medio,alto,bajo,medio
9.2,0.49,0.48,3.29,MEDIA,bajo,medio,bajo,medio
9.4,0.43,0.46,3.34,BAJA,bajo,bajo,bajo,medio
10.0,0.46,0.57,3.21,BAJA,medio,medio,bajo,bajo
9.6,0.56,0.44,3.22,BAJA,bajo,medio,bajo,bajo
9.5,0.66,0.54,3.46,BAJA,bajo,alto,bajo,alto
9.6,0.56,0.44,3.22,BAJA,bajo,medio,bajo,bajo
9.2,0.48,0.53,3.1,BAJA,bajo,medio,bajo,bajo
10.0,0.42,0.59,3.21,BAJA,medio,bajo,medio,bajo
9.5,0.31,1.62,2.94,BAJA,bajo,bajo,alto,bajo
11.2,1.115,0.6,3.54,BAJA,alto,alto,medio,alto
10.4,0.66,0.55,3.29,BAJA,medio,alto,bajo,medio
11.1,0.72,0.72,3.43,MEDIA,alto,alto,alto,alto
9.5,0.57,0.68,3.46,BAJA,bajo,medio,medio,alto
9.5,0.57,0.68,3.46,BAJA,bajo,medio,medio,alto
12.7,0.865,0.49,3.61,MEDIA,alto,alto,bajo,alto
9.6,0.55,0.67,3.17,BAJA,bajo,medio,medio,bajo
11.5,0.875,0.52,3.44,BAJA,alto,alto,bajo,alto
9.6,0.835,0.47,3.39,BAJA,bajo,alto,bajo,alto
9.5,0.45,0.6,3.55,BAJA,bajo,medio,medio,alto
9.3,0.56,0.62,3.48,BAJA,bajo,medio,medio,alto
9.5,0.965,0.5,3.26,BAJA,bajo,alto,bajo,medio
9.5,0.965,0.5,3.26,BAJA,bajo,alto,bajo,medio
9.3,0.59,0.65,3.5,MEDIA,bajo,medio,medio,alto
9.2,0.46,0.56,3.1,BAJA,bajo,medio,bajo,bajo
9.3,0.69,0.6,3.35,BAJA,bajo,alto,medio,medio
11.5,0.76,0.68,3.45,MEDIA,alto,alto,medio,alto
9.5,0.53,0.57,3.21,BAJA,bajo,medio,bajo,bajo
9.2,0.615,0.65,3.46,BAJA,bajo,alto,medio,alto
10.0,0.41,0.53,3.13,BAJA,medio,bajo,bajo,bajo
9.5,0.39,0.51,3.13,BAJA,bajo,bajo,bajo,bajo
9.5,0.51,0.73,3.52,MEDIA,bajo,medio,alto,alto
9.0,0.34,0.47,3.3,MEDIA,bajo,bajo,bajo,medio
9.4,0.33,0.48,3.3,BAJA,bajo,bajo,bajo,medio
9.6,0.5,0.72,3.52,MEDIA,bajo,medio,alto,alto
9.5,0.51,0.73,3.52,MEDIA,bajo,medio,alto,alto
9.5,0.65,0.55,3.29,BAJA,bajo,alto,bajo,medio
9.5,0.65,0.55,3.29,BAJA,bajo,alto,bajo,medio
9.4,0.54,0.61,3.39,BAJA,bajo,medio,medio,alto
9.5,0.65,0.55,3.29,BAJA,bajo,alto,bajo,medio
9.1,0.48,1.06,3.09,MEDIA,bajo,medio,alto,bajo
10.7,0.91,0.43,3.51,MEDIA,medio,alto,bajo,alto
11.2,0.98,0.46,3.6,MEDIA,alto,alto,bajo,alto
9.8,0.87,0.5,3.25,BAJA,medio,alto,bajo,bajo
9.8,0.87,0.5,3.25,BAJA,medio,alto,bajo,bajo
9.2,0.42,0.52,3.19,BAJA,bajo,bajo,bajo,bajo
9.7,0.58,0.57,3.23,BAJA,bajo,medio,bajo,bajo
9.6,0.655,0.42,3.25,BAJA,bajo,alto,bajo,bajo
10.0,0.7,0.53,3.31,MEDIA,medio,alto,bajo,medio
9.6,0.655,0.42,3.25,BAJA,bajo,alto,bajo,bajo
9.5,0.68,0.55,3.31,MEDIA,bajo,alto,bajo,medio
9.5,0.67,0.54,3.31,MEDIA,bajo,alto,bajo,medio
9.4,0.59,0.54,3.14,BAJA,bajo,medio,bajo,bajo
9.5,0.6,0.62,3.45,BAJA,bajo,medio,medio,alto
9.7,0.59,0.53,3.55,MEDIA,bajo,medio,bajo,alto
9.6,0.72,0.54,3.39,BAJA,bajo,alto,bajo,alto
9.7,0.59,0.53,3.55,MEDIA,bajo,medio,bajo,alto
9.4,0.685,0.55,3.28,BAJA,bajo,alto,bajo,medio
9.4,0.57,0.55,3.27,BAJA,bajo,medio,bajo,medio
9.5,0.4,0.92,3.3,MEDIA,bajo,bajo,alto,medio
9.5,0.4,0.91,3.31,MEDIA,bajo,bajo,alto,medio
10.0,1.0,0.46,3.43,BAJA,medio,alto,bajo,alto
10.3,0.765,0.6,3.4,MEDIA,medio,alto,medio,alto
10.3,0.635,0.59,3.4,MEDIA,medio,alto,medio,alto
10.5,0.43,0.61,3.36,BAJA,medio,bajo,medio,medio
9.8,0.52,0.6,3.5,BAJA,medio,medio,medio,alto
9.4,0.57,0.6,3.31,MEDIA,bajo,medio,medio,medio
9.8,0.46,0.65,3.66,BAJA,medio,medio,medio,alto
10.0,0.82,0.53,3.36,BAJA,medio,alto,bajo,medio
9.8,0.46,0.65,3.66,BAJA,medio,medio,medio,alto
9.8,0.59,0.59,3.55,BAJA,medio,medio,medio,alto
9.5,0.35,0.5,3.21,BAJA,bajo,bajo,bajo,bajo
9.5,0.35,0.5,3.21,BAJA,bajo,bajo,bajo,bajo
10.1,0.56,0.56,3.18,MEDIA,medio,medio,bajo,bajo
10.1,0.56,0.56,3.18,MEDIA,medio,medio,bajo,bajo
9.3,0.63,0.52,3.09,BAJA,bajo,alto,bajo,bajo
9.7,0.37,0.68,3.33,MEDIA,bajo,bajo,medio,medio
9.6,0.64,0.54,3.23,BAJA,bajo,alto,bajo,bajo
9.7,0.61,0.6,3.48,MEDIA,bajo,alto,medio,alto
10.8,0.6,0.56,3.38,BAJA,medio,medio,bajo,alto
12.5,0.27,0.53,3.17,MEDIA,alto,bajo,bajo,bajo
10.2,0.89,1.18,2.99,BAJA,medio,alto,alto,bajo
9.6,0.46,0.74,3.1,BAJA,bajo,medio,alto,bajo
10.8,0.37,0.81,3.24,ALTA,medio,bajo,alto,bajo
10.7,0.5,0.52,3.29,MEDIA,medio,medio,bajo,medio
10.7,0.5,0.52,3.29,MEDIA,medio,medio,bajo,medio
9.4,0.61,0.51,3.25,BAJA,bajo,alto,bajo,bajo
10.0,0.55,0.44,3.23,BAJA,medio,medio,bajo,bajo
12.9,0.585,0.94,3.56,ALTA,alto,medio,alto,alto
9.6,0.56,0.66,3.24,MEDIA,bajo,medio,medio,bajo
9.9,0.52,0.57,3.26,MEDIA,medio,medio,bajo,medio
12.8,0.28,0.7,3.33,ALTA,alto,bajo,alto,medio
12.5,0.25,0.71,3.27,ALTA,alto,bajo,alto,medio
12.8,0.28,0.7,3.33,ALTA,alto,bajo,alto,medio
9.2,0.53,0.86,3.26,BAJA,bajo,medio,alto,medio
10.3,0.48,0.55,3.22,MEDIA,medio,medio,bajo,bajo
10.5,0.49,0.47,3.3,BAJA,medio,medio,bajo,medio
10.9,0.5,0.68,3.09,MEDIA,alto,medio,medio,bajo
10.8,0.45,0.71,3.24,BAJA,medio,medio,alto,bajo
11.4,0.39,0.58,3.44,BAJA,alto,bajo,medio,alto
11.3,0.41,0.76,3.21,MEDIA,alto,bajo,alto,bajo
10.8,0.45,0.71,3.24,BAJA,medio,medio,alto,bajo
10.5,0.51,0.58,3.23,MEDIA,medio,medio,medio,bajo
11.9,0.29,0.73,3.28,MEDIA,alto,bajo,alto,medio
9.4,0.715,0.45,3.29,BAJA,bajo,alto,bajo,medio
9.6,0.66,0.54,3.28,BAJA,bajo,alto,bajo,medio
9.7,0.685,0.6,3.34,BAJA,bajo,alto,medio,medio
14.0,0.42,0.74,3.71,ALTA,alto,bajo,alto,alto
9.8,0.54,0.64,3.61,BAJA,medio,medio,medio,alto
9.8,0.54,0.64,3.61,BAJA,medio,medio,medio,alto
10.3,0.48,0.53,3.24,BAJA,medio,medio,bajo,bajo
10.7,0.46,0.49,3.36,BAJA,medio,medio,bajo,medio
11.0,0.27,0.64,3.4,ALTA,alto,bajo,medio,alto
10.7,0.46,0.49,3.36,BAJA,medio,medio,bajo,medio
12.7,0.57,0.74,3.46,ALTA,alto,medio,alto,alto
11.1,0.61,0.77,3.56,MEDIA,alto,alto,alto,alto
10.9,0.685,0.55,3.38,BAJA,alto,alto,bajo,alto
11.1,0.61,0.77,3.56,MEDIA,alto,alto,alto,alto
9.9,0.44,0.86,3.38,BAJA,medio,medio,alto,alto
9.9,0.47,0.86,3.38,BAJA,medio,medio,alto,alto
9.4,0.685,0.47,3.32,BAJA,bajo,alto,bajo,medio
9.3,0.665,0.51,3.39,BAJA,bajo,alto,bajo,alto
11.7,0.28,0.39,3.26,ALTA,alto,bajo,bajo,medio
11.7,0.28,0.39,3.26,ALTA,alto,bajo,bajo,medio
11.2,0.31,0.83,3.24,ALTA,alto,bajo,alto,bajo
10.0,0.5,0.47,3.46,BAJA,medio,medio,bajo,alto
12.1,0.42,0.77,3.24,ALTA,alto,bajo,alto,bajo
10.3,0.66,0.63,3.45,BAJA,medio,alto,medio,alto
10.9,0.5,0.72,3.23,MEDIA,alto,medio,alto,bajo
9.4,0.685,0.62,3.28,BAJA,bajo,alto,medio,medio
10.6,0.25,0.83,3.18,MEDIA,medio,bajo,alto,bajo
9.8,0.64,0.66,3.59,BAJA,medio,alto,medio,alto
9.8,0.64,0.66,3.59,BAJA,medio,alto,medio,alto
9.9,0.68,0.7,3.5,MEDIA,medio,alto,alto,alto
9.8,0.64,0.66,3.59,BAJA,medio,alto,medio,alto
9.8,0.63,0.66,3.58,BAJA,medio,alto,medio,alto
9.5,0.43,0.55,3.28,BAJA,bajo,bajo,bajo,medio
9.5,0.43,0.55,3.28,BAJA,bajo,bajo,bajo,medio
9.7,0.42,1.07,3.22,BAJA,bajo,bajo,alto,bajo
10.9,0.36,0.73,3.47,MEDIA,alto,bajo,alto,alto
10.9,0.36,0.73,3.47,MEDIA,alto,bajo,alto,alto
11.7,0.735,0.71,3.51,ALTA,alto,alto,alto,alto
10.9,0.36,0.73,3.47,MEDIA,alto,bajo,alto,alto
11.3,0.26,0.78,3.4,ALTA,alto,bajo,alto,alto
10.6,0.28,0.67,3.15,ALTA,medio,bajo,medio,bajo
11.2,0.56,0.82,3.4,MEDIA,alto,medio,alto,alto
9.5,0.62,0.54,3.51,BAJA,bajo,alto,bajo,alto
11.5,1.01,0.6,3.66,MEDIA,alto,alto,medio,alto
10.4,0.42,0.44,3.24,BAJA,medio,bajo,bajo,bajo
9.7,0.62,0.53,3.51,BAJA,bajo,alto,bajo,alto
9.5,0.62,0.54,3.51,BAJA,bajo,alto,bajo,alto
9.7,0.635,0.54,3.51,BAJA,bajo,alto,bajo,alto
11.3,0.49,0.83,3.41,MEDIA,alto,medio,alto,alto
11.2,0.51,0.84,3.4,MEDIA,alto,medio,alto,alto
11.2,0.56,0.82,3.4,MEDIA,alto,medio,alto,alto
10.9,0.63,0.64,3.44,MEDIA,alto,alto,medio,alto
11.8,0.715,0.57,3.41,MEDIA,alto,alto,bajo,alto
10.6,0.56,0.57,3.53,BAJA,medio,medio,bajo,alto
10.0,0.35,0.54,3.43,BAJA,medio,bajo,bajo,alto
11.1,0.21,0.58,3.23,ALTA,alto,bajo,medio,bajo
11.8,0.38,0.65,3.12,ALTA,alto,bajo,medio,bajo
11.8,0.31,0.79,3.31,ALTA,alto,bajo,alto,medio
10.9,0.47,0.58,3.4,BAJA,alto,medio,medio,alto
11.8,0.715,0.57,3.41,MEDIA,alto,alto,bajo,alto
10.0,0.61,0.5,3.22,MEDIA,medio,alto,bajo,bajo
9.5,0.6,0.55,3.53,BAJA,bajo,medio,bajo,alto
9.9,0.56,0.49,3.15,BAJA,medio,medio,bajo,bajo
11.4,0.715,0.65,3.48,MEDIA,alto,alto,medio,alto
12.0,0.31,0.78,3.22,MEDIA,alto,bajo,alto,bajo
9.5,0.6,0.55,3.53,BAJA,bajo,medio,bajo,alto
10.0,0.61,0.5,3.22,MEDIA,medio,alto,bajo,bajo
10.5,0.75,0.64,3.34,BAJA,medio,alto,medio,medio
10.4,0.8,0.65,3.33,MEDIA,medio,alto,medio,medio
12.1,0.52,0.79,3.15,ALTA,alto,medio,alto,bajo
11.2,0.57,0.56,3.43,MEDIA,alto,medio,bajo,alto
9.3,0.9,0.68,3.22,BAJA,bajo,alto,medio,bajo
10.1,0.34,0.58,3.44,BAJA,medio,bajo,medio,alto
9.7,0.66,0.57,3.53,BAJA,bajo,alto,bajo,alto
9.3,0.45,0.65,3.22,MEDIA,bajo,medio,medio,bajo
9.7,0.66,0.57,3.53,BAJA,bajo,alto,bajo,alto
9.8,0.63,0.58,3.53,MEDIA,medio,alto,medio,alto
10.7,0.59,0.58,3.42,MEDIA,medio,medio,medio,alto
12.5,0.31,0.77,3.31,ALTA,alto,bajo,alto,medio
10.7,0.59,0.58,3.42,MEDIA,medio,medio,medio,alto
12.5,0.31,0.77,3.31,ALTA,alto,bajo,alto,medio
11.0,1.02,0.49,3.48,BAJA,alto,alto,bajo,alto
11.8,0.31,0.69,3.4,BAJA,alto,bajo,alto,alto
10.8,0.635,0.69,3.58,ALTA,medio,alto,alto,alto
10.8,0.635,0.69,3.58,ALTA,medio,alto,alto,alto
10.8,0.59,0.59,3.41,ALTA,medio,medio,medio,alto
10.8,0.59,0.59,3.41,ALTA,medio,medio,medio,alto
9.5,0.58,0.59,3.23,BAJA,bajo,medio,medio,bajo
11.0,0.54,0.71,3.39,BAJA,alto,medio,alto,alto
11.5,0.56,0.54,3.59,MEDIA,alto,medio,bajo,alto
10.8,0.52,0.59,3.43,MEDIA,medio,medio,medio,alto
11.5,0.305,0.52,3.29,MEDIA,alto,bajo,bajo,medio
13.2,0.38,0.57,3.23,MEDIA,alto,bajo,bajo,bajo
10.9,0.28,0.6,3.18,MEDIA,alto,bajo,medio,bajo
12.2,0.46,0.62,3.33,MEDIA,alto,medio,medio,medio
12.2,0.395,0.64,3.27,ALTA,alto,bajo,medio,medio
11.5,0.305,0.52,3.29,MEDIA,alto,bajo,bajo,medio
11.9,0.315,0.67,3.27,MEDIA,alto,bajo,medio,medio
11.0,0.715,0.61,3.62,BAJA,alto,alto,medio,alto
10.1,0.41,0.64,3.38,MEDIA,medio,bajo,medio,alto
11.0,0.36,0.72,3.3,MEDIA,alto,bajo,alto,medio
11.8,0.62,0.89,3.38,MEDIA,alto,alto,alto,alto
10.5,0.41,0.56,3.24,BAJA,medio,bajo,bajo,bajo
11.0,0.36,0.72,3.3,MEDIA,alto,bajo,alto,medio
11.8,0.62,0.89,3.38,MEDIA,alto,alto,alto,alto
10.1,0.41,0.64,3.38,MEDIA,medio,bajo,medio,alto
11.2,0.47,0.8,3.18,BAJA,alto,medio,alto,bajo
11.0,0.22,0.87,3.47,ALTA,alto,bajo,alto,alto
10.2,0.24,0.9,3.47,MEDIA,medio,bajo,alto,alto
9.2,0.67,0.59,3.2,BAJA,bajo,alto,medio,bajo
11.2,0.47,0.8,3.18,BAJA,alto,medio,alto,bajo
12.0,0.33,0.73,3.3,ALTA,alto,bajo,alto,medio
10.5,0.61,0.73,3.69,BAJA,medio,alto,alto,alto
9.8,0.61,0.65,3.48,BAJA,medio,alto,medio,alto
9.5,0.4,0.59,3.45,MEDIA,bajo,bajo,medio,alto
9.8,0.61,0.65,3.48,BAJA,medio,alto,medio,alto
10.5,0.61,0.73,3.69,BAJA,medio,alto,alto,alto
11.8,0.3,0.72,3.39,MEDIA,alto,bajo,alto,alto
11.8,0.3,0.72,3.39,MEDIA,alto,bajo,alto,alto
10.4,0.63,0.6,3.07,BAJA,medio,alto,medio,bajo
12.9,0.38,0.72,3.34,ALTA,alto,bajo,alto,medio
11.4,0.46,0.54,3.61,BAJA,alto,medio,bajo,alto
12.4,0.33,0.76,3.36,ALTA,alto,bajo,alto,medio
12.5,0.27,0.52,3.19,ALTA,alto,bajo,bajo,bajo
10.0,0.43,0.64,3.22,ALTA,medio,bajo,medio,bajo
9.7,0.5,0.6,3.24,ALTA,bajo,medio,medio,bajo
12.1,0.3,0.64,3.27,ALTA,alto,bajo,medio,medio
11.1,0.44,0.79,3.14,ALTA,alto,medio,alto,bajo
12.0,0.44,0.99,3.29,ALTA,alto,medio,alto,medio
12.4,0.28,0.62,3.26,ALTA,alto,bajo,medio,medio
11.9,0.12,0.76,3.41,ALTA,alto,bajo,alto,alto
11.9,0.12,0.76,3.41,ALTA,alto,bajo,alto,alto
11.9,0.12,0.76,3.41,ALTA,alto,bajo,alto,alto
12.4,0.28,0.62,3.26,ALTA,alto,bajo,medio,medio
11.2,0.31,0.68,3.31,ALTA,alto,bajo,medio,medio
12.1,0.34,0.69,3.2,ALTA,alto,bajo,alto,bajo
12.2,0.43,0.54,3.44,MEDIA,alto,bajo,bajo,alto
10.4,0.21,0.67,3.36,BAJA,medio,bajo,medio,medio
11.3,0.36,0.62,3.31,MEDIA,alto,bajo,medio,medio
11.1,0.37,0.58,3.29,MEDIA,alto,bajo,medio,medio
11.3,0.57,0.71,3.47,ALTA,alto,medio,alto,alto
10.0,0.59,0.61,3.36,BAJA,medio,medio,medio,medio
11.1,0.47,0.85,3.16,MEDIA,alto,medio,alto,bajo
9.3,0.56,0.62,3.27,BAJA,bajo,medio,medio,medio
9.5,0.57,0.69,3.38,BAJA,bajo,medio,alto,alto
11.2,0.27,0.69,3.15,MEDIA,alto,bajo,alto,bajo
11.1,0.47,0.85,3.16,MEDIA,alto,medio,alto,bajo
11.0,0.34,0.86,3.34,MEDIA,alto,bajo,alto,medio
11.9,0.38,0.58,3.13,ALTA,alto,bajo,medio,bajo
9.2,0.66,0.48,3.13,BAJA,bajo,alto,bajo,bajo
12.2,0.4,0.6,3.2,MEDIA,alto,bajo,medio,bajo
10.2,0.56,0.61,3.46,BAJA,medio,medio,medio,alto
10.9,0.26,0.87,3.33,MEDIA,alto,bajo,alto,medio
10.9,0.26,0.87,3.33,MEDIA,alto,bajo,alto,medio
11.6,0.38,0.65,3.22,ALTA,alto,bajo,medio,bajo
10.7,0.34,0.63,3.52,BAJA,medio,bajo,medio,alto
12.1,0.33,0.62,3.3,ALTA,alto,bajo,medio,medio
9.4,0.41,0.52,3.44,BAJA,bajo,bajo,bajo,alto
9.4,0.41,0.52,3.44,BAJA,bajo,bajo,bajo,alto
9.1,0.59,0.5,3.15,BAJA,bajo,medio,bajo,bajo
11.3,0.4,0.49,3.28,ALTA,alto,bajo,bajo,medio
10.4,0.45,0.63,3.13,BAJA,medio,medio,medio,bajo
10.5,0.5,0.71,3.32,MEDIA,medio,medio,alto,medio
10.0,0.86,0.62,3.25,BAJA,medio,alto,medio,bajo
12.9,0.52,0.82,3.34,MEDIA,alto,medio,alto,medio
10.5,0.5,0.71,3.32,MEDIA,medio,medio,alto,medio
10.4,0.45,0.63,3.13,BAJA,medio,medio,medio,bajo
11.3,0.58,0.58,3.45,MEDIA,alto,medio,medio,alto
11.4,0.34,0.55,3.19,ALTA,alto,bajo,bajo,bajo
9.4,0.36,0.5,3.44,BAJA,bajo,bajo,bajo,alto
9.4,0.39,0.49,3.16,BAJA,bajo,bajo,bajo,bajo
10.9,0.295,0.51,3.14,MEDIA,alto,bajo,bajo,bajo
9.4,0.39,0.49,3.16,BAJA,bajo,bajo,bajo,bajo
9.4,0.34,0.48,3.45,BAJA,bajo,bajo,bajo,alto
9.4,0.4,0.48,3.36,MEDIA,bajo,bajo,bajo,medio
9.4,0.34,0.48,3.45,BAJA,bajo,bajo,bajo,alto
9.4,0.35,0.43,3.15,BAJA,bajo,bajo,bajo,bajo
10.1,0.6,0.62,3.39,MEDIA,medio,medio,medio,alto
12.8,0.66,0.63,3.71,ALTA,alto,alto,medio,alto
12.8,0.66,0.63,3.71,ALTA,alto,alto,medio,alto
9.1,0.84,0.48,3.12,MEDIA,bajo,alto,bajo,bajo
12.9,0.69,0.53,3.47,MEDIA,alto,alto,bajo,alto
11.5,0.43,0.72,3.44,ALTA,alto,bajo,alto,alto
10.6,0.35,0.82,3.26,ALTA,medio,bajo,alto,medio
11.7,0.29,0.84,3.26,ALTA,alto,bajo,alto,medio
12.8,0.36,0.55,3.36,ALTA,alto,bajo,bajo,medio
10.3,0.43,0.54,3.25,BAJA,medio,bajo,bajo,bajo
12.8,0.36,0.55,3.36,ALTA,alto,bajo,bajo,medio
11.7,0.29,0.84,3.26,ALTA,alto,bajo,alto,medio
11.7,0.3,0.84,3.26,ALTA,alto,bajo,alto,medio
12.0,0.35,0.7,3.23,ALTA,alto,bajo,alto,bajo
10.9,0.5,0.68,3.18,BAJA,alto,medio,medio,bajo
12.3,0.28,0.55,3.25,ALTA,alto,bajo,bajo,bajo
10.4,0.32,0.55,3.17,MEDIA,medio,bajo,bajo,bajo
10.0,1.005,0.48,3.23,BAJA,medio,alto,bajo,bajo
10.0,0.71,0.58,3.38,MEDIA,medio,alto,medio,alto
11.2,0.58,0.58,3.22,MEDIA,alto,medio,medio,bajo
11.4,0.39,0.84,3.06,MEDIA,alto,bajo,alto,bajo
12.6,0.38,0.75,3.27,ALTA,alto,bajo,alto,medio
12.7,0.18,0.44,2.89,MEDIA,alto,bajo,bajo,bajo
12.7,0.18,0.44,2.89,MEDIA,alto,bajo,bajo,bajo
10.4,0.5,0.61,3.53,BAJA,medio,medio,medio,alto
11.9,0.36,0.53,3.2,MEDIA,alto,bajo,bajo,bajo
11.9,0.36,0.53,3.2,MEDIA,alto,bajo,bajo,bajo
10.5,0.51,0.54,3.35,BAJA,medio,medio,bajo,medio
12.3,0.32,0.55,3.27,MEDIA,alto,bajo,bajo,medio
10.5,0.58,0.56,3.32,ALTA,medio,medio,bajo,medio
10.4,0.83,0.6,3.33,MEDIA,medio,alto,medio,medio
12.6,0.31,0.56,3.41,MEDIA,alto,bajo,bajo,alto
11.6,0.795,0.52,3.49,BAJA,alto,alto,bajo,alto
10.1,0.34,0.54,3.37,MEDIA,medio,bajo,bajo,medio
10.5,0.58,0.56,3.32,ALTA,medio,medio,bajo,medio
11.5,0.59,0.55,3.42,ALTA,alto,medio,bajo,alto
11.0,0.55,0.58,3.35,ALTA,alto,medio,medio,medio
9.6,0.82,0.53,3.36,BAJA,bajo,alto,bajo,medio
10.4,0.57,0.59,3.3,MEDIA,medio,medio,medio,medio
9.7,0.745,0.47,3.2,MEDIA,bajo,alto,bajo,bajo
10.6,0.37,0.65,3.17,ALTA,medio,bajo,medio,bajo
12.5,0.31,0.59,3.22,ALTA,alto,bajo,medio,bajo
9.2,0.91,0.56,3.35,BAJA,bajo,alto,bajo,medio
12.6,0.41,0.77,3.24,ALTA,alto,bajo,alto,bajo
11.1,0.5,0.83,3.33,MEDIA,alto,medio,alto,medio
10.2,0.965,0.67,3.58,BAJA,medio,alto,medio,alto
9.8,0.49,0.64,3.38,MEDIA,medio,medio,medio,alto
11.1,0.5,0.83,3.33,MEDIA,alto,medio,alto,medio
10.9,0.39,0.81,3.29,ALTA,alto,bajo,alto,medio
12.2,0.39,0.62,3.36,MEDIA,alto,bajo,medio,medio
11.4,0.44,0.58,3.32,MEDIA,alto,medio,medio,medio
10.7,0.78,0.62,3.31,MEDIA,medio,alto,medio,medio
10.4,0.43,0.64,3.49,BAJA,medio,bajo,medio,alto
10.9,0.49,0.78,3.27,MEDIA,alto,medio,alto,medio
10.8,0.5,0.77,3.27,MEDIA,medio,medio,alto,medio
10.4,0.43,0.64,3.49,BAJA,medio,bajo,medio,alto
9.2,0.46,1.34,3.03,BAJA,bajo,medio,alto,bajo
12.9,0.605,0.55,3.56,BAJA,alto,alto,bajo,alto
12.7,0.33,0.77,3.38,ALTA,alto,bajo,alto,alto
9.1,0.64,0.62,3.13,MEDIA,bajo,alto,medio,bajo
9.1,0.64,0.62,3.13,MEDIA,bajo,alto,medio,bajo
12.1,0.48,0.59,3.21,ALTA,alto,medio,medio,bajo
9.1,0.42,0.57,3.15,BAJA,bajo,bajo,bajo,bajo
11.6,0.53,0.76,3.19,ALTA,alto,medio,alto,bajo
12.1,0.48,0.59,3.21,ALTA,alto,medio,medio,bajo
9.9,0.23,0.7,3.14,MEDIA,medio,bajo,alto,bajo
12.5,0.4,0.69,3.21,ALTA,alto,bajo,alto,bajo
11.4,0.38,0.64,3.3,MEDIA,alto,bajo,medio,medio
11.8,0.29,0.63,3.22,MEDIA,alto,bajo,medio,bajo
11.8,0.74,0.57,3.28,MEDIA,alto,alto,bajo,medio
10.2,0.61,0.6,3.29,MEDIA,medio,alto,medio,medio
12.5,0.52,0.72,3.4,ALTA,alto,medio,alto,alto
10.9,0.31,0.83,3.02,ALTA,alto,bajo,alto,bajo
10.9,0.31,0.83,3.02,ALTA,alto,bajo,alto,bajo
10.8,0.62,0.62,3.31,BAJA,medio,alto,medio,medio
11.1,0.33,0.89,3.18,ALTA,alto,bajo,alto,bajo
9.2,0.77,0.58,3.2,BAJA,bajo,alto,medio,bajo
9.5,0.35,0.58,3.4,MEDIA,bajo,bajo,medio,alto
10.7,0.62,0.58,3.31,MEDIA,medio,alto,medio,medio
9.2,0.77,0.58,3.2,BAJA,bajo,alto,medio,bajo
10.2,0.25,0.86,3.44,ALTA,medio,bajo,alto,alto
11.4,0.32,0.73,3.15,MEDIA,alto,bajo,alto,bajo
11.0,0.37,0.58,3.27,BAJA,alto,bajo,medio,medio
11.0,0.37,0.58,3.27,BAJA,alto,bajo,medio,medio
12.3,0.3,0.51,3.01,ALTA,alto,bajo,bajo,bajo
11.8,0.27,0.51,3.16,MEDIA,alto,bajo,bajo,bajo
12.3,0.3,0.51,3.01,ALTA,alto,bajo,bajo,bajo
9.5,0.38,0.59,3.42,MEDIA,bajo,bajo,medio,alto
12.0,0.42,0.77,3.33,MEDIA,alto,bajo,alto,medio
9.5,0.38,0.59,3.42,MEDIA,bajo,bajo,medio,alto
9.6,0.48,0.49,3.12,BAJA,bajo,medio,bajo,bajo
11.6,0.34,0.66,3.38,ALTA,alto,bajo,medio,alto
11.2,0.19,0.69,3.29,MEDIA,alto,bajo,alto,medio
9.9,0.41,0.76,3.02,ALTA,medio,bajo,alto,bajo
9.9,0.41,0.76,3.02,ALTA,medio,bajo,alto,bajo
11.8,0.26,0.63,2.98,ALTA,alto,bajo,medio,bajo
11.4,0.34,0.6,3.35,MEDIA,alto,bajo,medio,medio
11.5,0.54,0.59,3.43,MEDIA,alto,medio,medio,alto
12.0,0.31,0.86,3.33,ALTA,alto,bajo,alto,medio
10.8,0.725,0.49,3.35,MEDIA,medio,alto,bajo,medio
10.5,0.4,0.5,3.15,BAJA,medio,bajo,bajo,bajo
10.8,0.725,0.49,3.35,MEDIA,medio,alto,bajo,medio
9.4,0.52,0.52,3.2,BAJA,bajo,medio,bajo,bajo
12.5,0.31,0.81,3.15,ALTA,alto,bajo,alto,bajo
9.4,0.52,0.52,3.2,BAJA,bajo,medio,bajo,bajo
12.4,0.34,0.78,3.11,MEDIA,alto,bajo,alto,bajo
12.0,0.49,0.63,3.35,MEDIA,alto,medio,medio,medio
11.2,0.48,0.54,3.45,MEDIA,alto,medio,bajo,alto
12.0,0.49,0.63,3.35,MEDIA,alto,medio,medio,medio
12.4,0.48,0.66,3.28,MEDIA,alto,medio,medio,medio
12.8,0.57,0.6,3.41,BAJA,alto,medio,medio,alto
12.3,0.23,0.54,3.21,MEDIA,alto,bajo,bajo,bajo
11.7,0.3,0.85,3.27,ALTA,alto,bajo,alto,medio
9.5,0.78,0.49,3.36,BAJA,bajo,alto,bajo,medio
10.8,0.47,0.76,3.17,MEDIA,medio,medio,alto,bajo
10.0,0.53,0.64,3.25,MEDIA,medio,medio,medio,bajo
12.3,0.42,0.64,3.78,ALTA,alto,bajo,medio,alto
11.0,0.33,0.71,3.29,MEDIA,alto,bajo,alto,medio
9.5,0.24,0.59,3.12,MEDIA,bajo,bajo,medio,bajo
13.6,0.4,0.66,3.49,MEDIA,alto,bajo,medio,alto
11.3,0.69,0.6,3.38,MEDIA,alto,alto,medio,alto
11.3,0.69,0.6,3.38,MEDIA,alto,alto,medio,alto
11.3,0.69,0.6,3.38,MEDIA,alto,alto,medio,alto
13.3,0.39,0.53,3.3,MEDIA,alto,bajo,bajo,medio
12.9,0.66,0.58,3.52,BAJA,alto,alto,medio,alto
13.1,0.54,0.72,3.2,ALTA,alto,medio,alto,bajo
12.3,0.5,0.55,3.44,MEDIA,alto,medio,bajo,alto
12.3,0.47,0.48,3.45,MEDIA,alto,medio,bajo,alto
11.2,0.4,0.65,3.12,MEDIA,alto,bajo,medio,bajo
11.5,0.58,0.62,3.62,BAJA,alto,medio,medio,alto
11.3,0.24,0.59,3.14,ALTA,alto,bajo,medio,bajo
13.5,0.29,0.54,3.39,MEDIA,alto,bajo,bajo,alto
11.5,0.76,0.6,3.51,MEDIA,alto,alto,medio,alto
10.0,0.43,0.68,3.22,BAJA,medio,bajo,medio,bajo
10.5,0.43,0.69,3.21,MEDIA,medio,bajo,alto,bajo
10.4,0.6,0.63,3.18,MEDIA,medio,medio,medio,bajo
9.5,0.19,0.44,3.32,BAJA,bajo,bajo,bajo,medio
13.6,0.36,0.88,3.38,ALTA,alto,bajo,alto,alto
11.2,0.48,0.68,3.37,ALTA,alto,medio,medio,medio
11.8,0.28,0.74,3.3,ALTA,alto,bajo,alto,medio
11.9,0.25,0.6,3.38,MEDIA,alto,bajo,medio,alto
11.4,0.52,0.76,3.22,MEDIA,alto,medio,alto,bajo
11.4,0.52,0.76,3.22,MEDIA,alto,medio,alto,bajo
9.1,0.41,0.58,3.14,BAJA,bajo,bajo,medio,bajo
9.5,0.51,0.64,3.34,MEDIA,bajo,medio,medio,medio
9.5,0.4,0.65,3.41,MEDIA,bajo,bajo,medio,alto
11.0,0.38,0.85,3.27,MEDIA,alto,bajo,alto,medio
11.4,0.45,0.65,3.3,MEDIA,alto,medio,medio,medio
10.0,0.22,0.82,3.61,MEDIA,medio,bajo,alto,alto
10.1,0.32,0.62,3.43,BAJA,medio,bajo,medio,alto
10.4,0.2,0.81,3.53,MEDIA,medio,bajo,alto,alto
9.8,0.5,0.87,3.28,MEDIA,medio,medio,alto,medio
11.8,0.41,0.49,3.21,ALTA,alto,bajo,bajo,bajo
11.6,0.39,0.66,3.39,MEDIA,alto,bajo,medio,alto
12.0,0.35,0.52,3.23,MEDIA,alto,bajo,bajo,bajo
12.8,0.33,0.76,3.3,ALTA,alto,bajo,alto,medio
12.5,0.58,0.65,3.46,MEDIA,alto,medio,medio,alto
9.8,0.6,0.53,3.15,BAJA,medio,medio,bajo,bajo
11.1,0.42,0.66,3.23,MEDIA,alto,bajo,medio,bajo
11.4,0.58,0.68,3.59,MEDIA,alto,medio,medio,alto
9.8,0.6,0.53,3.15,BAJA,medio,medio,bajo,bajo
11.8,0.18,0.76,3.33,ALTA,alto,bajo,alto,medio
12.9,0.51,0.87,3.46,ALTA,alto,medio,alto,alto
10.6,0.41,1.16,3.42,MEDIA,medio,bajo,alto,alto
10.8,0.41,0.67,3.16,BAJA,medio,bajo,medio,bajo
11.1,0.36,0.72,3.14,ALTA,alto,bajo,alto,bajo
10.2,0.45,0.75,3.21,MEDIA,medio,medio,alto,bajo
11.8,0.32,0.71,3.14,ALTA,alto,bajo,alto,bajo
10.0,0.785,0.67,3.29,BAJA,medio,alto,medio,medio
10.0,0.785,0.67,3.29,BAJA,medio,alto,medio,medio
9.4,0.44,1.1,3.01,BAJA,bajo,medio,alto,bajo
10.2,0.54,0.98,2.94,BAJA,medio,medio,alto,bajo
12.4,0.33,0.88,3.32,ALTA,alto,bajo,alto,medio
12.0,0.34,0.56,3.21,MEDIA,alto,bajo,bajo,bajo
11.5,0.5,0.62,3.32,MEDIA,alto,medio,medio,medio
10.5,0.36,0.67,3.2,MEDIA,medio,bajo,medio,bajo
10.8,0.59,0.68,3.42,MEDIA,medio,medio,medio,alto
12.3,0.42,0.74,3.27,MEDIA,alto,bajo,alto,medio
9.5,0.36,0.62,3.46,MEDIA,bajo,bajo,medio,alto
9.5,0.36,0.62,3.46,MEDIA,bajo,bajo,medio,alto
11.5,0.61,0.7,3.61,MEDIA,alto,alto,alto,alto
11.2,0.88,0.5,3.58,BAJA,alto,alto,bajo,alto
12.7,0.66,0.66,3.35,ALTA,alto,alto,medio,medio
11.4,0.915,0.73,3.68,BAJA,alto,alto,alto,alto
11.0,0.35,0.81,3.27,MEDIA,alto,bajo,alto,medio
11.0,0.35,0.81,3.27,MEDIA,alto,bajo,alto,medio
11.4,0.39,0.46,3.19,BAJA,alto,bajo,bajo,bajo
10.5,0.4,0.86,3.38,MEDIA,medio,bajo,alto,alto
9.3,0.66,0.6,3.29,BAJA,bajo,alto,medio,medio
10.9,0.64,0.7,3.36,BAJA,alto,alto,alto,medio
11.9,0.43,0.46,3.33,MEDIA,alto,bajo,bajo,medio
12.2,0.8,0.5,3.52,BAJA,alto,alto,bajo,alto
11.9,0.43,0.46,3.33,MEDIA,alto,bajo,bajo,medio
10.9,0.64,0.7,3.36,BAJA,alto,alto,alto,medio
9.6,0.955,0.44,3.3,BAJA,bajo,alto,bajo,medio
12.5,0.4,0.57,3.28,MEDIA,alto,bajo,bajo,medio
10.8,0.885,0.51,3.56,BAJA,medio,alto,bajo,alto
12.4,0.25,0.8,3.52,ALTA,alto,bajo,alto,alto
10.8,0.885,0.51,3.56,BAJA,medio,alto,bajo,alto
9.5,0.745,0.59,3.22,MEDIA,bajo,alto,medio,bajo
9.5,0.43,0.6,3.52,MEDIA,bajo,bajo,medio,alto
9.5,0.58,0.58,3.21,MEDIA,bajo,medio,medio,bajo
9.8,0.57,0.54,3.16,MEDIA,medio,medio,bajo,bajo
10.9,0.26,0.79,3.15,MEDIA,alto,bajo,alto,bajo
9.5,0.58,0.58,3.21,MEDIA,bajo,medio,medio,bajo
9.8,0.57,0.54,3.16,MEDIA,medio,medio,bajo,bajo
11.2,0.34,0.54,3.27,ALTA,alto,bajo,bajo,medio
11.7,0.42,0.69,3.35,ALTA,alto,bajo,alto,medio
9.4,0.74,0.55,3.14,BAJA,bajo,alto,bajo,bajo
11.0,0.36,0.85,3.4,ALTA,alto,bajo,alto,alto
11.0,0.36,0.85,3.4,ALTA,alto,bajo,alto,alto
11.0,0.36,0.85,3.4,ALTA,alto,bajo,alto,alto
10.0,0.72,0.94,3.35,BAJA,medio,alto,alto,medio
11.0,0.36,0.85,3.4,ALTA,alto,bajo,alto,alto
11.2,0.39,0.87,3.45,ALTA,alto,bajo,alto,alto
10.4,0.65,0.62,3.35,MEDIA,medio,alto,medio,medio
9.3,0.44,0.62,3.32,BAJA,bajo,medio,medio,medio
10.4,0.65,0.62,3.35,MEDIA,medio,alto,medio,medio
10.5,0.38,0.75,3.15,MEDIA,medio,bajo,alto,bajo
10.4,0.33,0.48,3.1,MEDIA,medio,bajo,bajo,bajo
11.3,0.27,0.56,3.26,MEDIA,alto,bajo,bajo,medio
9.5,0.57,0.69,3.29,MEDIA,bajo,medio,alto,medio
12.0,0.34,0.81,3.23,MEDIA,alto,bajo,alto,bajo
10.6,0.4,0.69,3.24,MEDIA,medio,bajo,alto,bajo
10.9,0.39,0.83,3.2,MEDIA,alto,bajo,alto,bajo
11.5,0.32,0.77,3.28,MEDIA,alto,bajo,alto,medio
11.5,0.32,0.77,3.28,MEDIA,alto,bajo,alto,medio
9.6,0.53,0.46,3.26,MEDIA,bajo,medio,bajo,medio
12.0,0.36,0.76,3.23,MEDIA,alto,bajo,alto,bajo
10.3,0.39,0.82,3.07,MEDIA,medio,bajo,alto,bajo
9.4,0.46,0.51,3.15,BAJA,bajo,medio,bajo,bajo
9.2,0.58,0.47,3.02,BAJA,bajo,medio,bajo,bajo
9.6,0.58,0.72,3.27,BAJA,bajo,medio,alto,medio
13.6,0.42,0.73,3.68,ALTA,alto,bajo,alto,alto
9.5,0.43,0.64,3.4,BAJA,bajo,bajo,medio,alto
11.8,0.18,0.78,3.37,MEDIA,alto,bajo,alto,medio
10.8,0.815,0.62,3.38,BAJA,medio,alto,medio,alto
9.5,0.43,0.64,3.4,BAJA,bajo,bajo,medio,alto
9.3,0.23,0.49,3.23,BAJA,bajo,bajo,bajo,bajo
12.8,0.75,0.4,3.39,MEDIA,alto,alto,bajo,alto
11.5,0.33,0.56,3.3,BAJA,alto,bajo,bajo,medio
9.4,0.55,0.64,3.26,MEDIA,bajo,medio,medio,medio
12.8,0.75,0.4,3.39,MEDIA,alto,alto,bajo,alto
9.6,0.73,0.46,3.38,BAJA,bajo,alto,bajo,alto
11.8,0.67,0.56,3.45,BAJA,alto,alto,bajo,alto
9.3,0.61,0.4,3.1,BAJA,bajo,alto,bajo,bajo
9.8,0.37,0.59,3.16,BAJA,medio,bajo,medio,bajo
12.2,0.4,0.6,3.22,MEDIA,alto,bajo,medio,bajo
9.5,0.56,0.62,3.37,BAJA,bajo,medio,medio,medio
10.3,0.29,0.54,3.33,MEDIA,medio,bajo,bajo,medio
10.5,0.55,0.68,3.49,BAJA,medio,medio,medio,alto
10.0,0.74,0.48,3.12,BAJA,medio,alto,bajo,bajo
10.5,0.55,0.68,3.49,BAJA,medio,medio,medio,alto
11.1,0.41,0.75,3.41,MEDIA,alto,bajo,alto,alto
10.9,0.6,0.61,3.4,MEDIA,alto,medio,medio,alto
10.9,0.6,0.61,3.4,MEDIA,alto,medio,medio,alto
9.8,0.58,0.59,3.28,BAJA,medio,medio,medio,medio
9.8,0.72,0.58,3.45,BAJA,medio,alto,medio,alto
9.5,0.66,0.58,3.43,BAJA,bajo,alto,medio,alto
10.9,0.7,0.69,3.4,BAJA,alto,alto,alto,alto
11.0,0.64,0.45,3.47,BAJA,alto,alto,bajo,alto
9.2,0.59,0.42,3.1,BAJA,bajo,medio,bajo,bajo
11.0,0.58,0.7,3.32,MEDIA,alto,medio,alto,medio
11.3,0.64,0.63,3.44,MEDIA,alto,alto,medio,alto
11.3,0.64,0.63,3.44,MEDIA,alto,alto,medio,alto
9.3,0.635,1.15,3.02,BAJA,bajo,alto,alto,bajo
11.2,1.02,0.55,3.59,BAJA,alto,alto,bajo,alto
9.8,0.45,0.58,3.15,BAJA,medio,medio,medio,bajo
9.6,0.78,0.46,3.37,BAJA,bajo,alto,bajo,medio
11.8,0.37,0.72,3.38,MEDIA,alto,bajo,alto,alto
10.3,0.57,0.6,3.38,MEDIA,medio,medio,medio,alto
10.3,0.57,0.6,3.38,MEDIA,medio,medio,medio,alto
11.4,0.43,0.87,3.1,MEDIA,alto,bajo,alto,bajo
9.5,0.41,0.55,3.47,MEDIA,bajo,bajo,bajo,alto
14.0,0.49,0.82,3.5,ALTA,alto,medio,alto,alto
14.0,0.38,0.75,3.7,MEDIA,alto,bajo,alto,alto
11.7,0.44,0.57,3.38,MEDIA,alto,medio,bajo,alto
11.2,0.46,0.53,3.5,BAJA,alto,medio,bajo,alto
9.3,0.58,0.43,3.1,BAJA,bajo,medio,bajo,bajo
11.2,0.58,0.53,3.24,MEDIA,alto,medio,bajo,bajo
9.5,0.715,0.54,3.24,MEDIA,bajo,alto,bajo,bajo
12.0,0.4,0.56,3.28,BAJA,alto,bajo,bajo,medio
9.7,0.69,0.6,3.35,MEDIA,bajo,alto,medio,medio
9.5,0.715,0.54,3.24,MEDIA,bajo,alto,bajo,bajo
11.5,0.3,0.57,3.14,ALTA,alto,bajo,bajo,bajo
10.4,0.46,0.64,3.37,MEDIA,medio,medio,medio,medio
10.4,0.46,0.64,3.37,MEDIA,medio,medio,medio,medio
10.9,0.765,0.68,3.33,MEDIA,alto,alto,medio,medio
10.2,0.63,0.63,3.26,MEDIA,medio,alto,medio,medio
10.9,0.42,0.56,3.39,BAJA,alto,bajo,bajo,alto
10.5,0.37,0.57,3.15,BAJA,medio,bajo,bajo,bajo
12.4,0.16,0.54,3.35,MEDIA,alto,bajo,bajo,medio
13.0,0.6,0.37,3.22,BAJA,alto,medio,bajo,bajo
10.2,0.6,1.17,3.3,BAJA,medio,medio,alto,medio
10.2,0.6,1.17,3.3,BAJA,medio,medio,alto,medio
11.0,0.74,0.59,3.36,BAJA,alto,alto,medio,medio
10.9,0.635,0.75,3.29,MEDIA,alto,alto,alto,medio
12.4,0.395,0.67,3.62,MEDIA,alto,bajo,medio,alto
9.7,0.755,0.49,3.34,BAJA,bajo,alto,bajo,medio
10.9,0.635,0.75,3.29,MEDIA,alto,alto,alto,medio
9.5,0.63,0.45,3.2,BAJA,bajo,alto,bajo,bajo
9.5,0.63,0.45,3.2,BAJA,bajo,alto,bajo,bajo
12.1,0.53,0.61,3.35,MEDIA,alto,medio,medio,medio
12.2,0.6,0.56,3.45,MEDIA,alto,medio,bajo,alto
10.9,1.58,0.4,3.5,BAJA,alto,alto,bajo,alto
12.5,0.645,0.61,3.78,MEDIA,alto,alto,medio,alto
11.7,0.86,0.74,3.6,MEDIA,alto,alto,alto,alto
11.2,0.37,0.8,3.3,MEDIA,alto,bajo,alto,medio
11.2,0.28,0.66,3.36,BAJA,alto,bajo,medio,medio
9.2,0.79,0.44,3.12,BAJA,bajo,alto,bajo,bajo
9.8,0.61,0.53,3.3,BAJA,medio,alto,bajo,medio
10.1,0.69,0.62,3.29,BAJA,medio,alto,medio,medio
11.1,0.68,0.52,3.41,BAJA,alto,alto,bajo,alto
10.1,0.69,0.62,3.29,BAJA,medio,alto,medio,medio
9.2,0.62,0.61,3.28,BAJA,bajo,alto,medio,medio
9.8,0.61,0.53,3.3,BAJA,medio,alto,bajo,medio
12.8,0.51,0.59,3.33,MEDIA,alto,medio,medio,medio
10.5,1.18,0.47,3.34,BAJA,medio,alto,bajo,medio
10.1,0.36,0.54,3.4,MEDIA,medio,bajo,bajo,alto
10.1,0.36,0.53,3.4,MEDIA,medio,bajo,bajo,alto
9.8,0.63,0.58,3.26,MEDIA,medio,alto,medio,medio
12.5,0.74,0.59,4.01,MEDIA,alto,alto,medio,alto
11.9,0.44,0.69,3.18,MEDIA,alto,medio,alto,bajo
9.8,0.63,0.58,3.26,MEDIA,medio,alto,medio,medio
9.1,0.76,1.33,2.9,MEDIA,bajo,alto,alto,bajo
10.1,0.66,0.66,3.26,BAJA,medio,alto,medio,medio
12.5,0.74,0.59,4.01,MEDIA,alto,alto,medio,alto
11.4,0.34,0.55,3.18,BAJA,alto,bajo,bajo,bajo
11.0,0.36,0.82,3.18,ALTA,alto,bajo,alto,bajo
10.6,0.46,0.6,3.39,MEDIA,medio,medio,medio,alto
10.6,0.46,0.6,3.39,MEDIA,medio,medio,medio,alto
10.6,0.46,0.6,3.39,MEDIA,medio,medio,medio,alto
10.6,0.46,0.6,3.39,MEDIA,medio,medio,medio,alto
9.3,0.52,0.52,3.34,BAJA,bajo,medio,bajo,medio
9.8,0.6,0.56,3.29,MEDIA,medio,medio,bajo,medio
9.8,0.6,0.56,3.29,MEDIA,medio,medio,bajo,medio
9.2,0.87,0.46,3.26,BAJA,bajo,alto,bajo,medio
9.7,0.39,0.43,3.09,MEDIA,bajo,bajo,bajo,bajo
9.6,0.775,0.51,3.18,BAJA,bajo,alto,bajo,bajo
10.0,0.835,0.52,3.39,BAJA,medio,alto,bajo,alto
12.6,0.58,0.66,3.38,MEDIA,alto,medio,medio,alto
9.5,0.5,0.45,3.36,BAJA,bajo,medio,bajo,medio
9.5,0.5,0.45,3.36,BAJA,bajo,medio,bajo,medio
9.5,0.5,0.45,3.36,BAJA,bajo,medio,bajo,medio
10.5,0.51,0.54,3.36,MEDIA,medio,medio,bajo,medio
10.5,0.51,0.54,3.36,MEDIA,medio,medio,bajo,medio
10.5,0.51,0.54,3.36,MEDIA,medio,medio,bajo,medio
10.4,0.54,0.51,3.37,MEDIA,medio,medio,bajo,medio
10.5,0.51,0.54,3.36,MEDIA,medio,medio,bajo,medio
11.0,0.42,0.53,3.09,BAJA,alto,bajo,bajo,bajo
10.2,0.44,0.53,3.25,MEDIA,medio,medio,bajo,bajo
11.4,0.59,0.56,3.52,BAJA,alto,medio,bajo,alto
9.5,0.655,0.39,3.34,BAJA,bajo,alto,bajo,medio
9.5,0.655,0.39,3.34,BAJA,bajo,alto,bajo,medio
10.8,0.57,0.52,3.41,BAJA,medio,medio,bajo,alto
10.0,0.6,0.57,3.34,BAJA,medio,medio,bajo,medio
11.8,0.62,0.51,3.32,MEDIA,alto,alto,bajo,medio
10.3,0.645,0.46,3.37,BAJA,medio,alto,bajo,medio
10.3,0.645,0.46,3.37,BAJA,medio,alto,bajo,medio
10.0,0.58,0.52,3.35,BAJA,medio,medio,bajo,medio
10.1,0.32,0.44,3.36,BAJA,medio,bajo,bajo,medio
10.1,0.34,0.44,3.36,BAJA,medio,bajo,bajo,medio
11.1,0.43,0.59,3.6,MEDIA,alto,bajo,medio,alto
9.5,0.64,0.5,3.28,BAJA,bajo,alto,bajo,medio
10.0333333333333,0.475,0.65,3.07,MEDIA,medio,medio,medio,bajo
10.9,0.54,0.56,3.24,BAJA,alto,medio,bajo,bajo
10.1,0.85,0.54,3.36,BAJA,medio,alto,bajo,medio
10.0333333333333,0.475,0.65,3.07,MEDIA,medio,medio,medio,bajo
9.8,0.83,0.48,3.29,BAJA,medio,alto,bajo,medio
11.8,0.605,0.53,3.46,MEDIA,alto,alto,bajo,alto
9.5,0.5,0.62,3.18,BAJA,bajo,medio,medio,bajo
9.8,0.74,0.5,3.24,BAJA,medio,alto,bajo,bajo
10.5,0.54,1.18,3.25,MEDIA,medio,medio,alto,bajo
9.8,0.77,0.5,3.27,MEDIA,medio,alto,bajo,medio
10.4,0.61,0.37,3.33,BAJA,medio,alto,bajo,medio
9.2,0.78,1.17,3.0,BAJA,bajo,alto,alto,bajo
11.6,0.58,1.03,3.21,MEDIA,alto,medio,alto,bajo
9.2,0.78,1.17,3.0,BAJA,bajo,alto,alto,bajo
9.3,0.75,0.45,3.24,BAJA,bajo,alto,bajo,bajo
9.8,0.815,0.51,3.32,BAJA,medio,alto,bajo,medio
9.9,0.56,0.52,3.26,BAJA,medio,medio,bajo,medio
10.0,0.885,0.46,3.11,BAJA,medio,alto,bajo,bajo
12.2,0.49,0.62,3.71,MEDIA,alto,medio,medio,alto
9.9,0.45,0.51,3.29,MEDIA,medio,medio,bajo,medio
10.8,0.57,0.62,3.36,MEDIA,medio,medio,medio,medio
10.8,0.57,0.62,3.36,MEDIA,medio,medio,medio,medio
9.6,0.83,0.45,3.38,BAJA,bajo,alto,bajo,alto
9.9,0.6,0.49,3.3,BAJA,medio,medio,bajo,medio
9.9,0.6,0.49,3.3,BAJA,medio,medio,bajo,medio
9.5,0.755,0.5,3.19,BAJA,bajo,alto,bajo,bajo
9.2,0.81,0.42,3.19,BAJA,bajo,alto,bajo,bajo
9.6,0.64,0.58,3.3,BAJA,bajo,alto,medio,medio
9.6,0.64,0.58,3.3,BAJA,bajo,alto,medio,medio
10.3,0.64,0.68,3.35,BAJA,medio,alto,medio,medio
9.7,0.48,0.53,3.1,BAJA,bajo,medio,bajo,bajo
12.5,0.49,0.59,3.58,MEDIA,alto,medio,medio,alto
11.0,0.64,0.58,3.37,BAJA,alto,alto,medio,medio
9.8,0.62,0.48,3.17,BAJA,medio,alto,bajo,bajo
10.2,0.52,0.48,3.3,BAJA,medio,medio,bajo,medio
9.2,0.57,0.48,3.32,BAJA,bajo,medio,bajo,medio
9.55,0.685,0.65,3.31,MEDIA,bajo,alto,medio,medio
9.55,0.675,0.65,3.31,BAJA,bajo,alto,medio,medio
9.9,0.59,0.52,3.28,BAJA,medio,medio,bajo,medio
10.2,0.6,0.62,3.52,ALTA,medio,medio,medio,alto
11.1,0.67,0.72,3.42,MEDIA,alto,alto,alto,alto
9.9,0.69,0.51,3.25,BAJA,medio,alto,bajo,bajo
9.9,0.69,0.51,3.25,BAJA,medio,alto,bajo,bajo
11.9,0.3,0.82,3.44,MEDIA,alto,bajo,alto,alto
10.0,0.33,1.1,3.23,ALTA,medio,bajo,alto,bajo
10.7,0.5,0.62,3.43,MEDIA,medio,medio,medio,alto
11.3,0.28,0.9,3.28,ALTA,alto,bajo,alto,medio
10.9,0.24,0.94,3.22,MEDIA,alto,bajo,alto,bajo
10.7,0.51,0.93,3.54,MEDIA,medio,medio,alto,alto
12.4,0.29,1.01,3.27,ALTA,alto,bajo,alto,medio
10.7,0.51,0.93,3.54,MEDIA,medio,medio,alto,alto
11.9,0.96,0.44,3.5,MEDIA,alto,alto,bajo,alto
10.6,0.47,0.73,3.56,MEDIA,medio,medio,alto,alto
10.9,0.24,0.94,3.22,MEDIA,alto,bajo,alto,bajo
10.1,0.57,0.9,3.04,BAJA,medio,medio,alto,bajo
9.6,0.32,0.78,3.2,BAJA,bajo,bajo,alto,bajo
9.4,0.58,0.84,3.56,BAJA,bajo,medio,alto,alto
9.6,0.32,0.78,3.2,BAJA,bajo,bajo,alto,bajo
12.1,0.34,0.77,3.35,ALTA,alto,bajo,alto,medio
9.8,0.53,0.46,3.16,BAJA,medio,medio,bajo,bajo
9.9,0.64,0.45,3.27,BAJA,medio,alto,bajo,medio
9.8,0.53,0.46,3.16,BAJA,medio,medio,bajo,bajo
9.4,0.4,0.58,3.34,BAJA,bajo,bajo,medio,medio
11.4,0.54,0.84,3.39,MEDIA,alto,medio,alto,alto
11.0,0.53,0.67,3.5,BAJA,alto,medio,medio,alto
9.6,0.26,0.7,3.26,MEDIA,bajo,bajo,alto,medio
9.6,0.26,0.7,3.26,MEDIA,bajo,bajo,alto,medio
12.1,0.23,0.71,3.41,MEDIA,alto,bajo,alto,alto
11.2,0.41,0.58,3.3,BAJA,alto,bajo,medio,medio
11.0,0.64,0.63,3.31,BAJA,alto,alto,medio,medio
11.3,0.18,0.93,3.33,BAJA,alto,bajo,alto,medio
10.4,0.41,0.62,3.37,BAJA,medio,bajo,medio,medio
9.9,0.43,0.54,3.26,MEDIA,medio,bajo,bajo,medio
11.7,0.44,0.85,3.48,MEDIA,alto,medio,alto,alto
10.1,0.4,0.74,3.42,ALTA,medio,bajo,alto,alto
9.0,0.54,0.77,3.18,MEDIA,bajo,medio,alto,bajo
9.0,0.54,0.77,3.18,MEDIA,bajo,medio,alto,bajo
8.5,0.38,0.65,3.15,BAJA,bajo,bajo,medio,bajo
11.1,0.915,0.54,3.53,BAJA,alto,alto,bajo,alto
10.3,0.59,0.47,3.41,BAJA,medio,medio,bajo,alto
11.0666666666667,0.67,0.68,3.32,MEDIA,alto,alto,medio,medio
11.3,0.37,0.73,3.23,ALTA,alto,bajo,alto,bajo
9.56666666666667,0.785,0.52,3.16,MEDIA,bajo,alto,bajo,bajo
9.8,0.63,0.75,3.4,BAJA,medio,alto,alto,alto
11.7,0.58,0.49,3.38,BAJA,alto,medio,bajo,alto
11.1,0.67,0.68,3.32,MEDIA,alto,alto,medio,medio
9.6,0.785,0.52,3.16,MEDIA,bajo,alto,bajo,bajo
9.8,0.63,0.75,3.4,BAJA,medio,alto,alto,alto
9.7,0.67,0.74,3.4,BAJA,bajo,alto,alto,alto
9.7,0.58,0.73,3.4,BAJA,bajo,medio,alto,alto
11.3,0.38,0.76,3.23,ALTA,alto,bajo,alto,bajo
11.3,0.37,0.73,3.23,ALTA,alto,bajo,alto,bajo
11.0,0.32,0.78,3.33,ALTA,alto,bajo,alto,medio
11.6,0.58,0.76,3.35,ALTA,alto,medio,alto,medio
9.0,0.49,0.58,3.41,BAJA,bajo,medio,medio,alto
10.9,0.45,0.69,3.21,MEDIA,alto,medio,alto,bajo
10.9,0.9,0.63,3.5,MEDIA,alto,alto,medio,alto
10.55,0.54,0.5,3.3,MEDIA,medio,medio,bajo,medio
9.0,0.49,0.58,3.41,BAJA,bajo,medio,medio,alto
10.5,0.29,0.6,3.39,BAJA,medio,bajo,medio,alto
11.9,0.2,0.8,3.32,ALTA,alto,bajo,alto,medio
10.4,0.42,0.68,3.41,MEDIA,medio,bajo,medio,alto
10.0,0.785,0.61,3.59,BAJA,medio,alto,medio,alto
10.4,0.64,0.58,3.36,MEDIA,medio,alto,medio,medio
10.8,0.63,0.53,3.34,MEDIA,medio,alto,bajo,medio
9.7,0.59,0.67,3.41,BAJA,bajo,medio,medio,alto
9.7,0.59,0.67,3.41,BAJA,bajo,medio,medio,alto
10.0,0.48,0.65,3.3,ALTA,medio,medio,medio,medio
11.0,1.04,0.57,3.52,BAJA,alto,alto,bajo,alto
10.0,0.48,0.65,3.3,ALTA,medio,medio,medio,medio
9.7,0.98,0.55,3.31,BAJA,bajo,alto,bajo,medio
9.7,0.69,0.47,2.88,BAJA,bajo,alto,bajo,bajo
12.6,0.7,0.52,3.43,BAJA,alto,alto,bajo,alto
11.1,0.35,0.79,3.38,MEDIA,alto,bajo,alto,alto
11.0,0.6,0.54,3.38,BAJA,alto,medio,bajo,alto
8.8,0.5,0.75,3.16,BAJA,bajo,medio,alto,bajo
13.5666666666667,0.47,0.88,3.54,ALTA,alto,medio,alto,alto
8.8,0.5,0.75,3.16,BAJA,bajo,medio,alto,bajo
13.6,0.47,0.88,3.54,ALTA,alto,medio,alto,alto
10.2,0.875,0.52,3.4,BAJA,medio,alto,bajo,alto
10.6,0.28,0.68,3.39,BAJA,medio,bajo,medio,alto
10.1,0.62,0.62,3.66,BAJA,medio,alto,medio,alto
10.6,0.28,0.68,3.39,BAJA,medio,bajo,medio,alto
10.3,0.58,0.57,3.33,BAJA,medio,medio,bajo,medio
10.7,0.33,0.61,3.35,BAJA,medio,bajo,medio,medio
10.9,0.91,0.64,3.53,BAJA,alto,alto,medio,alto
9.7,0.655,0.55,3.37,BAJA,bajo,alto,bajo,medio
10.3,0.68,0.6,3.38,BAJA,medio,alto,medio,alto
10.6,0.64,0.78,3.52,BAJA,medio,alto,alto,alto
11.4,0.54,0.58,3.72,BAJA,alto,medio,medio,alto
10.8,0.57,0.76,3.44,MEDIA,medio,medio,alto,alto
12.4,0.22,0.56,3.39,MEDIA,alto,bajo,bajo,alto
11.4,0.54,0.58,3.72,BAJA,alto,medio,medio,alto
11.95,0.65,0.54,3.57,BAJA,alto,alto,bajo,alto
9.7,0.54,0.59,3.26,BAJA,bajo,medio,medio,medio
10.0,0.31,0.7,3.42,ALTA,medio,bajo,alto,alto
10.6,0.43,0.81,3.35,MEDIA,medio,bajo,alto,medio
9.7,0.54,0.59,3.26,BAJA,bajo,medio,medio,medio
11.5,0.74,0.63,3.45,MEDIA,alto,alto,medio,alto
10.8,0.895,0.58,3.53,MEDIA,medio,alto,medio,alto
11.5,0.74,0.63,3.45,MEDIA,alto,alto,medio,alto
9.6,0.725,0.53,3.26,BAJA,bajo,alto,bajo,medio
9.4,0.82,0.53,3.16,BAJA,bajo,alto,bajo,bajo
9.8,0.585,0.54,3.31,BAJA,medio,medio,bajo,medio
11.0,0.44,0.69,3.51,MEDIA,alto,medio,alto,alto
11.4,0.38,0.55,3.36,MEDIA,alto,bajo,bajo,medio
9.95,0.76,0.63,3.55,BAJA,medio,alto,medio,alto
10.8,0.81,0.66,3.51,MEDIA,medio,alto,medio,alto
11.4,0.38,0.55,3.36,MEDIA,alto,bajo,bajo,medio
10.6,0.27,0.72,3.38,MEDIA,medio,bajo,alto,alto
11.1,0.18,0.7,3.28,BAJA,alto,bajo,alto,medio
9.7,0.36,0.77,3.47,MEDIA,bajo,bajo,alto,alto
9.8,0.69,0.67,3.44,BAJA,medio,alto,medio,alto
10.4,0.79,0.65,3.53,MEDIA,medio,alto,medio,alto
10.5,0.56,0.6,3.33,MEDIA,medio,medio,medio,medio
9.23333333333333,0.84,0.72,3.53,MEDIA,bajo,alto,alto,alto
9.25,0.84,0.72,3.53,MEDIA,bajo,alto,alto,alto
10.6,0.32,0.97,3.42,BAJA,medio,bajo,alto,alto
10.3,0.53,0.83,3.38,MEDIA,medio,medio,alto,alto
10.5,0.47,0.63,3.32,BAJA,medio,medio,medio,medio
10.2,0.7,0.58,3.44,BAJA,medio,alto,medio,alto
10.3,0.53,0.83,3.38,MEDIA,medio,medio,alto,alto
9.05,0.48,0.43,3.39,BAJA,bajo,medio,bajo,alto
10.6,0.32,0.97,3.42,BAJA,medio,bajo,alto,alto
10.4,0.48,0.6,3.34,BAJA,medio,medio,medio,medio
10.0,0.42,0.78,3.39,MEDIA,medio,bajo,alto,alto
9.7,0.48,0.64,3.33,BAJA,bajo,medio,medio,medio
9.6,0.47,0.65,3.3,MEDIA,bajo,medio,medio,medio
10.8,0.53,0.66,3.29,MEDIA,medio,medio,medio,medio
10.1,0.29,0.67,3.31,MEDIA,medio,bajo,medio,medio
10.2,0.69,0.6,3.42,MEDIA,medio,alto,medio,alto
11.3,0.44,0.69,3.42,MEDIA,alto,medio,alto,alto
10.2,0.705,0.66,3.6,BAJA,medio,alto,medio,alto
9.9,0.53,0.68,3.21,MEDIA,medio,medio,medio,bajo
9.0,0.39,0.61,3.39,BAJA,bajo,bajo,medio,alto
11.7,0.56,0.62,3.42,ALTA,alto,medio,medio,alto
9.7,0.55,0.59,3.36,MEDIA,bajo,medio,medio,medio
10.3,0.53,0.68,3.6,MEDIA,medio,medio,medio,alto
10.2,0.58,0.64,3.5,MEDIA,medio,medio,medio,alto
12.0,0.64,0.63,3.57,BAJA,alto,alto,medio,alto
9.9,0.39,0.78,3.46,BAJA,medio,bajo,alto,alto
11.6,0.52,0.63,3.56,MEDIA,alto,medio,medio,alto
10.9,0.25,0.76,3.4,ALTA,alto,bajo,alto,alto
10.75,0.855,0.56,3.3,MEDIA,medio,alto,bajo,medio
10.4,0.44,0.57,3.25,MEDIA,medio,medio,bajo,bajo
11.2,0.37,0.81,3.17,ALTA,alto,bajo,alto,bajo
10.1,0.63,0.64,3.36,MEDIA,medio,alto,medio,medio
10.2,0.57,0.61,3.36,BAJA,medio,medio,medio,medio
12.1,0.6,0.51,3.55,BAJA,alto,medio,bajo,alto
10.4,0.4,0.58,3.1,BAJA,medio,bajo,medio,bajo
11.4,0.36,0.7,3.24,ALTA,alto,bajo,alto,bajo
9.5,0.68,0.53,3.45,BAJA,bajo,alto,bajo,alto
9.4,0.67,0.54,3.44,BAJA,bajo,alto,bajo,alto
11.3,0.68,0.66,3.51,MEDIA,alto,alto,medio,alto
9.4,0.735,0.6,3.41,BAJA,bajo,alto,medio,alto
11.0,0.855,0.6,3.54,MEDIA,alto,alto,medio,alto
10.55,0.56,0.68,3.44,ALTA,medio,medio,medio,alto
9.9,0.88,0.56,3.53,BAJA,medio,alto,bajo,alto
11.0,0.855,0.6,3.54,MEDIA,alto,alto,medio,alto
9.5,0.63,0.56,3.22,BAJA,bajo,alto,bajo,bajo
9.9,0.6,0.52,3.21,BAJA,medio,medio,bajo,bajo
9.9,0.6,0.52,3.21,BAJA,medio,medio,bajo,bajo
9.9,0.6,0.52,3.21,BAJA,medio,medio,bajo,bajo
10.1,0.695,0.54,3.29,BAJA,medio,alto,bajo,medio
10.1,0.695,0.54,3.29,BAJA,medio,alto,bajo,medio
10.1,0.695,0.54,3.29,BAJA,medio,alto,bajo,medio
10.9,0.67,0.82,3.39,MEDIA,alto,alto,alto,alto
11.2,0.16,0.71,3.34,MEDIA,alto,bajo,alto,medio
10.1,0.695,0.54,3.29,BAJA,medio,alto,bajo,medio
9.2,0.56,0.59,3.34,BAJA,bajo,medio,medio,medio
11.5,0.51,0.57,3.48,MEDIA,alto,medio,bajo,alto
12.4,0.36,0.93,3.37,MEDIA,alto,bajo,alto,medio
11.1,0.38,0.65,3.44,MEDIA,alto,bajo,medio,alto
9.5,0.69,0.51,3.33,BAJA,bajo,alto,bajo,medio
12.5,0.58,0.67,3.58,MEDIA,alto,medio,medio,alto
10.5,0.31,0.48,3.39,MEDIA,medio,bajo,bajo,alto
11.8,0.52,0.64,3.26,MEDIA,alto,medio,medio,medio
10.8,0.3,0.78,3.3,MEDIA,medio,bajo,alto,medio
11.9,0.7,0.6,3.54,MEDIA,alto,alto,medio,alto
11.3,0.67,0.67,3.42,MEDIA,alto,alto,medio,alto
11.3,0.56,0.6,3.54,BAJA,alto,medio,medio,alto
11.9,0.35,0.6,3.36,MEDIA,alto,bajo,medio,medio
11.3,0.56,0.6,3.54,BAJA,alto,medio,medio,alto
11.9,0.715,0.5,3.57,BAJA,alto,alto,bajo,alto
9.8,0.46,0.62,3.33,BAJA,medio,medio,medio,medio
11.6,0.32,0.8,3.29,ALTA,alto,bajo,alto,medio
11.5,0.39,0.84,3.3,MEDIA,alto,bajo,alto,medio
11.4,0.31,0.85,3.34,MEDIA,alto,bajo,alto,medio
10.9,0.61,0.66,3.55,MEDIA,alto,alto,medio,alto
12.8,0.66,0.78,3.27,MEDIA,alto,alto,alto,medio
9.2,0.725,0.54,3.29,BAJA,bajo,alto,bajo,medio
11.6,0.55,0.82,3.32,MEDIA,alto,medio,alto,medio
11.6,0.74,0.56,3.67,MEDIA,alto,alto,bajo,alto
11.0,0.51,0.75,3.42,MEDIA,alto,medio,alto,alto
9.5,0.62,0.82,3.42,MEDIA,bajo,alto,alto,alto
10.5,0.6,0.58,3.45,BAJA,medio,medio,medio,alto
11.2,0.55,0.76,3.52,MEDIA,alto,medio,alto,alto
11.0,0.51,0.75,3.42,MEDIA,alto,medio,alto,alto
10.2,0.645,0.71,3.57,BAJA,medio,alto,alto,alto
11.0,0.31,0.66,3.39,MEDIA,alto,bajo,medio,alto
